当前纯解析版本必须测的量,sweeper · P1_lamp（本次测量）,cylinder · P1_lamp（本次测量）,sweeper · P2_both（本次测量）,cylinder · P2_both（本次测量）
实验设置｜代码版本 / Git commit,版本：aerial3d ground (G1)；commit：cd182301d8,版本：aerial3d ground (G1)；commit：cd182301d8,版本：aerial3d ground (G1)；commit：cd182301d8,版本：aerial3d ground (G1)；commit：cd182301d8
实验设置｜运行日期,2026-09-28,2026-09-28,2026-09-28,2026-09-28
实验设置｜硬件与运行环境,CPU：cs603.hpc.nyu.edu（Slurm cpu_short，2 核分配，查询单线程）；GPU：无；RAM：作业申请 10G；OS：Linux (RHEL) / Python 3.13.5,CPU：cs603.hpc.nyu.edu（Slurm cpu_short，2 核分配，查询单线程）；GPU：无；RAM：作业申请 10G；OS：Linux (RHEL) / Python 3.13.5,CPU：cs603.hpc.nyu.edu（Slurm cpu_short，2 核分配，查询单线程）；GPU：无；RAM：作业申请 10G；OS：Linux (RHEL) / Python 3.13.5,CPU：cs603.hpc.nyu.edu（Slurm cpu_short，2 核分配，查询单线程）；GPU：无；RAM：作业申请 10G；OS：Linux (RHEL) / Python 3.13.5
实验设置｜每个配置的 warm-up 次数与正式重复次数,Warm-up：0 次（首次调用即 cold）；正式运行：1 cold + 3 warm （同一内存编译） + 1 次从磁盘重载后的查询,Warm-up：0 次（首次调用即 cold）；正式运行：1 cold + 3 warm （同一内存编译） + 1 次从磁盘重载后的查询,Warm-up：0 次（首次调用即 cold）；正式运行：1 cold + 1 warm （同一内存编译） + 1 次从磁盘重载后的查询,Warm-up：0 次（首次调用即 cold）；正式运行：1 cold + 1 warm （同一内存编译） + 1 次从磁盘重载后的查询
实验设置｜场景名称 / 场景编号,"uavlamp_gallery_booth_v2（展厅 3DGS + 灯/隔断），route 盒 u[-9.0,3.7] v[-0.35,2.75] m","uavlamp_gallery_booth_v2（展厅 3DGS + 灯/隔断），route 盒 u[-9.0,3.7] v[-0.35,2.75] m","uavlamp_gallery_booth_v2（展厅 3DGS + 灯/隔断），route 盒 u[-9.0,3.7] v[-0.35,2.75] m","uavlamp_gallery_booth_v2（展厅 3DGS + 灯/隔断），route 盒 u[-9.0,3.7] v[-0.35,2.75] m"
实验设置｜场景 Gaussian 数量,"N_G = 7,107,732（全档案）；裁剪到盒内 582,372；本机器人候选 pair 11,906","N_G = 7,107,732（全档案）；裁剪到盒内 582,372；本机器人候选 pair 252,257","N_G = 7,107,732（全档案）；裁剪到盒内 582,372；本机器人候选 pair 11,906","N_G = 7,107,732（全档案）；裁剪到盒内 582,372；本机器人候选 pair 252,257"
实验设置｜Start 与 End,"Start：route [2.3, 1.8]（z_c 0.060）；End：route [-1.5, 1.1]；直线距离：3.864 m","Start：route [2.3, 1.8]（z_c 0.885）；End：route [-1.5, 1.1]；直线距离：3.864 m","Start：route [-5.3, 1.1]（z_c 0.060）；End：route [-2.1, 0.7]；直线距离：3.225 m","Start：route [-5.3, 1.1]（z_c 0.885）；End：route [-2.1, 0.7]；直线距离：3.225 m"
实验设置｜机器人名称与几何参数,机器人：sweeper；宽：0.350 m；长：0.350 m；高：0.080 m；其他参数：圆柱体 r=0.175，离地 0.02 m，margin 0.001 m，ground_unicycle,机器人：cylinder；宽：0.600 m；长：0.600 m；高：1.730 m；其他参数：圆柱体 r=0.3，离地 0.02 m，margin 0.001 m，ground_unicycle,机器人：sweeper；宽：0.350 m；长：0.350 m；高：0.080 m；其他参数：圆柱体 r=0.175，离地 0.02 m，margin 0.001 m，ground_unicycle,机器人：cylinder；宽：0.600 m；长：0.600 m；高：1.730 m；其他参数：圆柱体 r=0.3，离地 0.02 m，margin 0.001 m，ground_unicycle
时间｜单次完整规划总时间（cold start）,Median：26.355 s；P95：N/A（n=1；= 编译 26.10 s + 冷查询 0.257 s，不含档案加载/裁剪 2.9 s）,Median：70.709 s；P95：N/A（n=1；= 编译 70.68 s + 冷查询 0.025 s，不含档案加载/裁剪 2.1 s）,Median：26.788 s；P95：N/A（n=1；= 编译 26.10 s + 冷查询 0.690 s，不含档案加载/裁剪 2.9 s）,Median：73.489 s；P95：N/A（n=1；= 编译 70.68 s + 冷查询 2.805 s，不含档案加载/裁剪 2.1 s）
时间｜单次完整规划总时间（已有场景结构后的 warm query）,Median：0.249 s；P95：0.249 s（n=3）,Median：0.021 s；P95：0.021 s（n=3）,Median：0.679 s；P95：0.679 s（n=1）,Median：2.799 s；P95：2.799 s（n=1）
时间｜场景层级结构 / BVH 构建耗时,1.725 s；占总时间 6.5%（gs3d PreparedScene：协方差校验 + BVH）,1.677 s；占总时间 2.4%（gs3d PreparedScene：协方差校验 + BVH）,1.725 s；占总时间 6.4%（gs3d PreparedScene：协方差校验 + BVH）,1.677 s；占总时间 2.3%（gs3d PreparedScene：协方差校验 + BVH）
时间｜scene–robot 候选 Gaussian pair 生成耗时,0.577 s；占总时间 2.2%,0.728 s；占总时间 1.0%,0.577 s；占总时间 2.2%,0.728 s；占总时间 1.0%
时间｜scene–robot 精确几何交互 / 碰撞计算耗时,0.199 s；占总时间 0.8%（支撑函数包络表 + 夹逼审计）,0.876 s；占总时间 1.2%（支撑函数包络表 + 夹逼审计）,0.199 s；占总时间 0.7%（支撑函数包络表 + 夹逼审计）,0.876 s；占总时间 1.2%（支撑函数包络表 + 夹逼审计）
时间｜自由 / 碰撞状态或 configuration-space domain 构建耗时,23.428 s；占总时间 88.9%（octree 标注 16.296 s + 凸自由胞/portal 7.132 s）,67.251 s；占总时间 95.1%（octree 标注 19.775 s + 凸自由胞/portal 47.476 s）,23.428 s；占总时间 87.5%（octree 标注 16.296 s + 凸自由胞/portal 7.132 s）,67.251 s；占总时间 91.5%（octree 标注 19.775 s + 凸自由胞/portal 47.476 s）
时间｜自适应 refinement 耗时,N/A（无独立 refinement 轮；octree 节点内的方向自适应细化已计入上一行）,N/A（无独立 refinement 轮；octree 节点内的方向自适应细化已计入上一行）,N/A（无独立 refinement 轮；octree 节点内的方向自适应细化已计入上一行）,N/A（无独立 refinement 轮；octree 节点内的方向自适应细化已计入上一行）
时间｜规划结构 / graph / operator 组装耗时,0.070 s；占总时间 0.3%（possible 连通图；portal 在 cells 阶段内）,0.065 s；占总时间 0.1%（possible 连通图；portal 在 cells 阶段内）,0.070 s；占总时间 0.3%（possible 连通图；portal 在 cells 阶段内）,0.065 s；占总时间 0.1%（possible 连通图；portal 在 cells 阶段内）
时间｜factorization / preconditioner setup 耗时,N/A（无线性求解）,N/A（无线性求解）,N/A（无线性求解）,N/A（无线性求解）
时间｜全局求解 / 图搜索 / 数值求解耗时,0.063 s；占总时间 0.2%（portal 图 A*）,0.000 s；占总时间 0.0%（portal 图 A*）,0.106 s；占总时间 0.4%（portal 图 A*）,0.135 s；占总时间 0.2%（portal 图 A*）
时间｜路径提取耗时,0.135 s；占总时间 0.5%,0.000 s；占总时间 0.0%,0.542 s；占总时间 2.0%,2.565 s；占总时间 3.5%
时间｜最终连续碰撞检查与路径验证耗时,0.029 s；占总时间 0.1%（自有验证 0.003 s + 共享 gs3d 重放 0.026 s）,0.000 s；占总时间 0.0%（自有验证 0.000 s + 共享 gs3d 重放 0.000 s）,0.018 s；占总时间 0.1%（自有验证 0.002 s + 共享 gs3d 重放 0.016 s）,0.086 s；占总时间 0.1%（自有验证 0.041 s + 共享 gs3d 重放 0.045 s）
时间｜其他未归类耗时,0.009 s；占总时间 0.0%（端点定位；不可达时含割证书）,0.025 s；占总时间 0.0%（端点定位；不可达时含割证书）,0.004 s；占总时间 0.0%（端点定位；不可达时含割证书）,0.002 s；占总时间 0.0%（端点定位；不可达时含割证书）
时间｜各阶段耗时之和与总时间的差值,0.119 s；差值占总时间 0.5%,0.087 s；差值占总时间 0.1%,0.119 s；差值占总时间 0.4%,0.102 s；差值占总时间 0.1%
时间｜当前最耗时阶段,阶段：octree；耗时：16.296 s；占总时间：61.8%,阶段：cells；耗时：47.476 s；占总时间：67.1%,阶段：octree；耗时：16.296 s；占总时间：60.8%,阶段：cells；耗时：47.476 s；占总时间：64.6%
计算量｜单次规划 collision / contact 查询次数,自有验证 pair 检查 7 次；共享重放 oracle edge 检查 24 次,自有验证 pair 检查 0 次；共享重放 oracle edge 检查 n/a 次,自有验证 pair 检查 4 次；共享重放 oracle edge 检查 22 次,自有验证 pair 检查 5 次；共享重放 oracle edge 检查 23 次
计算量｜scene–robot 候选 Gaussian pair 数量,"Candidate pairs：11,906","Candidate pairs：252,257","Candidate pairs：11,906","Candidate pairs：252,257"
计算量｜scene–robot 实际有效 Gaussian pair 数量,Active pairs：563（作为自由胞支撑面或 BLOCKED 叶证书的 pair）,"Active pairs：1,038（作为自由胞支撑面或 BLOCKED 叶证书的 pair）",Active pairs：563（作为自由胞支撑面或 BLOCKED 叶证书的 pair）,"Active pairs：1,038（作为自由胞支撑面或 BLOCKED 叶证书的 pair）"
计算量｜有效 pair 比例,Active / Candidate：4.7%,Active / Candidate：0.4%,Active / Candidate：4.7%,Active / Candidate：0.4%
计算量｜broad-phase 剪枝比例,"98.0%（盒内 opacity>tau 的 582,372 个中被 z 窗/域剪掉 570,466）","56.7%（盒内 opacity>tau 的 582,372 个中被 z 窗/域剪掉 330,115）","98.0%（盒内 opacity>tau 的 582,372 个中被 z 窗/域剪掉 570,466）","56.7%（盒内 opacity>tau 的 582,372 个中被 z 窗/域剪掉 330,115）"
计算量｜单次 collision / contact query 平均耗时,Mean：1.07 ms；P95：N/A（查询内共享 gs3d 重放耗时 / 边数）,N/A（无路径，无需重放）,Mean：0.72 ms；P95：N/A（查询内共享 gs3d 重放耗时 / 边数）,Mean：1.97 ms；P95：N/A（查询内共享 gs3d 重放耗时 / 边数）
计算量｜重复或近重复 collision / contact query 比例,N/A（未统计）,N/A（未统计）,N/A（未统计）,N/A（未统计）
计算量｜单次规划使用的 configuration states / 节点 / 网格数量,"octree 叶 22,743（SAFE 5,257 / BLOCKED 5,634 / UNKNOWN 11,852）；凸自由胞 330","octree 叶 20,116（SAFE 4,574 / BLOCKED 4,343 / UNKNOWN 11,199）；凸自由胞 250","octree 叶 22,743（SAFE 5,257 / BLOCKED 5,634 / UNKNOWN 11,852）；凸自由胞 330","octree 叶 20,116（SAFE 4,574 / BLOCKED 4,343 / UNKNOWN 11,199）；凸自由胞 250"
计算量｜orientation bins 数量,N/A（轴对称圆柱，yaw 不影响碰撞）,N/A（轴对称圆柱，yaw 不影响碰撞）,N/A（轴对称圆柱，yaw 不影响碰撞）,N/A（轴对称圆柱，yaw 不影响碰撞）
计算量｜单次规划使用的边数,"portal 15,763（图边）","portal 12,202（图边）","portal 15,763（图边）","portal 12,202（图边）"
计算量｜稀疏 operator 非零元素数量,N/A,N/A,N/A,N/A
计算量｜refinement 轮数,N/A,N/A,N/A,N/A
计算量｜solver 迭代次数,N/A（A* 图搜索，非迭代求解）,N/A（A* 图搜索，非迭代求解）,N/A（A* 图搜索，非迭代求解）,N/A（A* 图搜索，非迭代求解）
计算量｜峰值 CPU 内存,1.73 GB（作业 MaxRSS，含档案加载）；进程内编译后 1.35 GB,2.17 GB（作业 MaxRSS，含档案加载）；进程内编译后 1.35 GB,1.73 GB（作业 MaxRSS，含档案加载）；进程内编译后 1.35 GB,2.17 GB（作业 MaxRSS，含档案加载）；进程内编译后 1.35 GB
计算量｜峰值 GPU 显存,N/A,N/A,N/A,N/A
复用性｜同一场景、同一机器人，仅更换 start/end 后的总规划时间,Median：0.052 s；P95：2.359 s（筛选 120 对，同一编译）,Median：0.118 s；P95：1.433 s（筛选 120 对，同一编译）,Median：0.052 s；P95：2.359 s（筛选 120 对，同一编译）,Median：0.118 s；P95：1.433 s（筛选 120 对，同一编译）
复用性｜仅更换 start/end 时必须重新计算的阶段,端点定位、portal A*、路径提取、自有验证、共享 gs3d 重放（query）,端点定位、portal A*、路径提取、自有验证、共享 gs3d 重放（query）,端点定位、portal A*、路径提取、自有验证、共享 gs3d 重放（query）,端点定位、portal A*、路径提取、自有验证、共享 gs3d 重放（query）
复用性｜仅更换 start/end 时可以直接复用的阶段,scene_prepare(BVH)、pair 生成、包络表、octree、凸胞+portal、possible 图、审计（compile 全部）,scene_prepare(BVH)、pair 生成、包络表、octree、凸胞+portal、possible 图、审计（compile 全部）,scene_prepare(BVH)、pair 生成、包络表、octree、凸胞+portal、possible 图、审计（compile 全部）,scene_prepare(BVH)、pair 生成、包络表、octree、凸胞+portal、possible 图、审计（compile 全部）
复用性｜仅更换 start/end 时可复用计算占原 cold-start 时间比例,99.0%,100.0%,97.4%,96.2%
复用性｜相同 start/end 重复查询时的缓存命中率,编译产物 100% 复用（warm/重载调用中无任何编译阶段）；查询结果本身不缓存 → 0%；cold/warm/重载结果完全一致：True,编译产物 100% 复用（warm/重载调用中无任何编译阶段）；查询结果本身不缓存 → 0%；cold/warm/重载结果完全一致：True,编译产物 100% 复用（warm/重载调用中无任何编译阶段）；查询结果本身不缓存 → 0%；cold/warm/重载结果完全一致：True,编译产物 100% 复用（warm/重载调用中无任何编译阶段）；查询结果本身不缓存 → 0%；cold/warm/重载结果完全一致：True
机器人对比｜机器人 1 参数,名称：sweeper；宽：0.350 m；长：0.350 m；高：0.080 m；其他：离地 0.02 m，体带 0.02–0.10 m,名称：sweeper；宽：0.350 m；长：0.350 m；高：0.080 m；其他：离地 0.02 m，体带 0.02–0.10 m,名称：sweeper；宽：0.350 m；长：0.350 m；高：0.080 m；其他：离地 0.02 m，体带 0.02–0.10 m,名称：sweeper；宽：0.350 m；长：0.350 m；高：0.080 m；其他：离地 0.02 m，体带 0.02–0.10 m
机器人对比｜机器人 1 规划结果,成功 / 无路径 / 超时：REACHABLE；路线类型：从灯下穿行（近直线，L/d 1.0003）；路径长度：3.865 m；规划时间：0.257 s（冷查询）；最小 clearance：0.0018 m,成功 / 无路径 / 超时：REACHABLE；路线类型：从灯下穿行（近直线，L/d 1.0003）；路径长度：3.865 m；规划时间：0.257 s（冷查询）；最小 clearance：0.0018 m,成功 / 无路径 / 超时：REACHABLE；路线类型：近直线，绕捕获物体小幅偏移（L/d 1.004）；路径长度：3.238 m；规划时间：0.690 s（冷查询）；最小 clearance：0.0020 m,成功 / 无路径 / 超时：REACHABLE；路线类型：近直线，绕捕获物体小幅偏移（L/d 1.004）；路径长度：3.238 m；规划时间：0.690 s（冷查询）；最小 clearance：0.0020 m
机器人对比｜机器人 2 参数,名称：cylinder；宽：0.600 m；长：0.600 m；高：1.730 m；其他：离地 0.02 m，体带 0.02–1.75 m,名称：cylinder；宽：0.600 m；长：0.600 m；高：1.730 m；其他：离地 0.02 m，体带 0.02–1.75 m,名称：cylinder；宽：0.600 m；长：0.600 m；高：1.730 m；其他：离地 0.02 m，体带 0.02–1.75 m,名称：cylinder；宽：0.600 m；长：0.600 m；高：1.730 m；其他：离地 0.02 m，体带 0.02–1.75 m
机器人对比｜机器人 2 规划结果,成功 / 无路径 / 超时：UNREACHABLE；路线类型：无路径：认证不可达（灯+隔断在 1.07 m 以上横跨整个走廊）；路径长度：nan m；规划时间：0.025 s（冷查询）；最小 clearance：nan m,成功 / 无路径 / 超时：UNREACHABLE；路线类型：无路径：认证不可达（灯+隔断在 1.07 m 以上横跨整个走廊）；路径长度：nan m；规划时间：0.025 s（冷查询）；最小 clearance：nan m,成功 / 无路径 / 超时：REACHABLE；路线类型：绕捕获物体更宽的绕行（L/d 1.031）；路径长度：3.324 m；规划时间：2.805 s（冷查询）；最小 clearance：0.0014 m,成功 / 无路径 / 超时：REACHABLE；路线类型：绕捕获物体更宽的绕行（L/d 1.031）；路径长度：3.324 m；规划时间：2.805 s（冷查询）；最小 clearance：0.0014 m
机器人对比｜机器人 3 参数,名称：uav；宽：0.50 m；长：0.50 m；高：0.20 m；其他：本阶段未运行（UAV 见 uavconn 分支）,名称：uav；宽：0.50 m；长：0.50 m；高：0.20 m；其他：本阶段未运行（UAV 见 uavconn 分支）,名称：uav；宽：0.50 m；长：0.50 m；高：0.20 m；其他：本阶段未运行（UAV 见 uavconn 分支）,名称：uav；宽：0.50 m；长：0.50 m；高：0.20 m；其他：本阶段未运行（UAV 见 uavconn 分支）
机器人对比｜机器人 3 规划结果,本阶段未运行,本阶段未运行,本阶段未运行,本阶段未运行
机器人对比｜同一场景、同一 start/end，更换机器人后的总规划时间,机器人 1：26.35 s；机器人 2：70.71 s；机器人 3：未运行（编译 + 冷查询）,机器人 1：26.35 s；机器人 2：70.71 s；机器人 3：未运行（编译 + 冷查询）,机器人 1：26.79 s；机器人 2：73.49 s；机器人 3：未运行（编译 + 冷查询）,机器人 1：26.79 s；机器人 2：73.49 s；机器人 3：未运行（编译 + 冷查询）
机器人对比｜更换机器人后重新构建 scene–robot planning representation 的时间,机器人 1→2：70.68 s；机器人 2→3：未运行；机器人 1→3：未运行,机器人 1→2：70.68 s；机器人 2→3：未运行；机器人 1→3：未运行,机器人 1→2：70.68 s；机器人 2→3：未运行；机器人 1→3：未运行,机器人 1→2：70.68 s；机器人 2→3：未运行；机器人 1→3：未运行
机器人对比｜更换机器人时必须从头重新计算的阶段,pair 生成、包络表、octree、凸胞+portal、possible 图、审计（依赖 r、半高、z 窗）,pair 生成、包络表、octree、凸胞+portal、possible 图、审计（依赖 r、半高、z 窗）,pair 生成、包络表、octree、凸胞+portal、possible 图、审计（依赖 r、半高、z 窗）,pair 生成、包络表、octree、凸胞+portal、possible 图、审计（依赖 r、半高、z 窗）
机器人对比｜更换机器人时可直接复用的阶段,档案加载+裁剪、scene_prepare（PreparedScene/BVH，传入 prepared= 即可复用）,档案加载+裁剪、scene_prepare（PreparedScene/BVH，传入 prepared= 即可复用）,档案加载+裁剪、scene_prepare（PreparedScene/BVH，传入 prepared= 即可复用）,档案加载+裁剪、scene_prepare（PreparedScene/BVH，传入 prepared= 即可复用）
机器人对比｜更换机器人时可复用计算占原总计算量比例,6.5%（仅 scene_prepare；不含档案加载）,2.4%（仅 scene_prepare；不含档案加载）,6.4%（仅 scene_prepare；不含档案加载）,2.3%（仅 scene_prepare；不含档案加载）
机器人对比｜连续完成三种机器人规划所需总时间,97.06 s（两种；UAV 未运行）,97.06 s（两种；UAV 未运行）,100.28 s（两种；UAV 未运行）,100.28 s（两种；UAV 未运行）
机器人对比｜三种机器人是否得到不同路径,是 / 否：是；差异描述：sweeper 从灯下穿过；cylinder 的直线在 57/241 个采样点被灯的 pair 认证 BLOCKED，且无绕行（北侧口袋封闭），返回认证不可达,是 / 否：是；差异描述：sweeper 从灯下穿过；cylinder 的直线在 57/241 个采样点被灯的 pair 认证 BLOCKED，且无绕行（北侧口袋封闭），返回认证不可达,是 / 否：是（轻微）；差异描述：都绕开同一组捕获物体；cylinder 半径 0.30 m 使其离物体更远，路线长 0.086 m，最大横向偏差见报告,是 / 否：是（轻微）；差异描述：都绕开同一组捕获物体；cylinder 半径 0.30 m 使其离物体更远，路线长 0.086 m，最大横向偏差见报告
机器人对比｜三种机器人得到完全相同路径的比例（多组 start/end）,0 / 6；0%（仅两种机器人，都可达的 6 对中路线偏差 < 1 cm）（筛选 screen3：80 对，按 thread/lamp/other 分桶抽样，非均匀；不是 5000 对结果）,0 / 6；0%（仅两种机器人，都可达的 6 对中路线偏差 < 1 cm）（筛选 screen3：80 对，按 thread/lamp/other 分桶抽样，非均匀；不是 5000 对结果）,0 / 6；0%（仅两种机器人，都可达的 6 对中路线偏差 < 1 cm）（筛选 screen3：80 对，按 thread/lamp/other 分桶抽样，非均匀；不是 5000 对结果）,0 / 6；0%（仅两种机器人，都可达的 6 对中路线偏差 < 1 cm）（筛选 screen3：80 对，按 thread/lamp/other 分桶抽样，非均匀；不是 5000 对结果）
机器人对比｜更换机器人后可达 / 不可达结论发生变化的比例,10 / 80；12.5%（sweeper 可达、cylinder 认证不可达）；另 61 / 80 cylinder 为 UNKNOWN（筛选 screen3：80 对，按 thread/lamp/other 分桶抽样，非均匀；不是 5000 对结果）,10 / 80；12.5%（sweeper 可达、cylinder 认证不可达）；另 61 / 80 cylinder 为 UNKNOWN（筛选 screen3：80 对，按 thread/lamp/other 分桶抽样，非均匀；不是 5000 对结果）,10 / 80；12.5%（sweeper 可达、cylinder 认证不可达）；另 61 / 80 cylinder 为 UNKNOWN（筛选 screen3：80 对，按 thread/lamp/other 分桶抽样，非均匀；不是 5000 对结果）,10 / 80；12.5%（sweeper 可达、cylinder 认证不可达）；另 61 / 80 cylinder 为 UNKNOWN（筛选 screen3：80 对，按 thread/lamp/other 分桶抽样，非均匀；不是 5000 对结果）
机器人对比｜更换机器人后主要路线发生变化的比例,0 / 6；0%（换走廊/换通道意义上的主要路线变化：无；5/6 对 cylinder 在同一走廊内绕得更宽，最大横向偏差 0.13–0.16 m）（筛选 screen3：80 对，按 thread/lamp/other 分桶抽样，非均匀；不是 5000 对结果）,0 / 6；0%（换走廊/换通道意义上的主要路线变化：无；5/6 对 cylinder 在同一走廊内绕得更宽，最大横向偏差 0.13–0.16 m）（筛选 screen3：80 对，按 thread/lamp/other 分桶抽样，非均匀；不是 5000 对结果）,0 / 6；0%（换走廊/换通道意义上的主要路线变化：无；5/6 对 cylinder 在同一走廊内绕得更宽，最大横向偏差 0.13–0.16 m）（筛选 screen3：80 对，按 thread/lamp/other 分桶抽样，非均匀；不是 5000 对结果）,0 / 6；0%（换走廊/换通道意义上的主要路线变化：无；5/6 对 cylinder 在同一走廊内绕得更宽，最大横向偏差 0.13–0.16 m）（筛选 screen3：80 对，按 thread/lamp/other 分桶抽样，非均匀；不是 5000 对结果）
机器人对比｜小机器人选择窄路捷径的比例,N/A（没有 cylinder 可绕行、sweeper 可穿的窄路对：u≈-5.6 的窄缝 cylinder 为 UNKNOWN，见报告）,N/A（没有 cylinder 可绕行、sweeper 可穿的窄路对：u≈-5.6 的窄缝 cylinder 为 UNKNOWN，见报告）,N/A（没有 cylinder 可绕行、sweeper 可穿的窄路对：u≈-5.6 的窄缝 cylinder 为 UNKNOWN，见报告）,N/A（没有 cylinder 可绕行、sweeper 可穿的窄路对：u≈-5.6 的窄缝 cylinder 为 UNKNOWN，见报告）
机器人对比｜大机器人避开无法通过窄路的比例,0 条 cylinder 可达路线穿过 u=-5.6 结构（应为 0）；该处 53 对给 UNKNOWN 而非错误可达（筛选 screen3：80 对，按 thread/lamp/other 分桶抽样，非均匀；不是 5000 对结果）,0 条 cylinder 可达路线穿过 u=-5.6 结构（应为 0）；该处 53 对给 UNKNOWN 而非错误可达（筛选 screen3：80 对，按 thread/lamp/other 分桶抽样，非均匀；不是 5000 对结果）,0 条 cylinder 可达路线穿过 u=-5.6 结构（应为 0）；该处 53 对给 UNKNOWN 而非错误可达（筛选 screen3：80 对，按 thread/lamp/other 分桶抽样，非均匀；不是 5000 对结果）,0 条 cylinder 可达路线穿过 u=-5.6 结构（应为 0）；该处 53 对给 UNKNOWN 而非错误可达（筛选 screen3：80 对，按 thread/lamp/other 分桶抽样，非均匀；不是 5000 对结果）
机器人对比｜高机器人避开低矮通道的比例,10 / 10；100%（穿灯对：cylinder 全部认证不可达，灯+隔断从 1.07 m 起封死整个走廊；sweeper 10/10 从灯下通过）（筛选 screen3：80 对，按 thread/lamp/other 分桶抽样，非均匀；不是 5000 对结果）,10 / 10；100%（穿灯对：cylinder 全部认证不可达，灯+隔断从 1.07 m 起封死整个走廊；sweeper 10/10 从灯下通过）（筛选 screen3：80 对，按 thread/lamp/other 分桶抽样，非均匀；不是 5000 对结果）,10 / 10；100%（穿灯对：cylinder 全部认证不可达，灯+隔断从 1.07 m 起封死整个走廊；sweeper 10/10 从灯下通过）（筛选 screen3：80 对，按 thread/lamp/other 分桶抽样，非均匀；不是 5000 对结果）,10 / 10；100%（穿灯对：cylinder 全部认证不可达，灯+隔断从 1.07 m 起封死整个走廊；sweeper 10/10 从灯下通过）（筛选 screen3：80 对，按 thread/lamp/other 分桶抽样，非均匀；不是 5000 对结果）
机器人对比｜相近尺寸机器人之间 collision / state 判断相同的比例,____%,____%,____%,____%
机器人对比｜相近尺寸机器人之间 operator edge 相同的比例,____%,____%,____%,____%
机器人对比｜轻微改变机器人宽度 / 长度 / 高度后结果突然翻转的比例,____ / ____；____%,____ / ____；____%,____ / ____；____%,____ / ____；____%
A–B 扩展｜测试距离档位,L1：____ m；L2：____ m；L3：____ m；L4：____ m,L1：____ m；L2：____ m；L3：____ m；L4：____ m,L1：____ m；L2：____ m；L3：____ m；L4：____ m,L1：____ m；L2：____ m；L3：____ m；L4：____ m
A–B 扩展｜不同距离下的总规划时间,L1：____ s；L2：____ s；L3：____ s；L4：____ s,L1：____ s；L2：____ s；L3：____ s；L4：____ s,L1：____ s；L2：____ s；L3：____ s；L4：____ s,L1：____ s；L2：____ s；L3：____ s；L4：____ s
A–B 扩展｜不同距离下的规划成功率,L1：____%；L2：____%；L3：____%；L4：____%,L1：____%；L2：____%；L3：____%；L4：____%,L1：____%；L2：____%；L3：____%；L4：____%,L1：____%；L2：____%；L3：____%；L4：____%
A–B 扩展｜不同距离下的输出路径长度,L1：____ m；L2：____ m；L3：____ m；L4：____ m,L1：____ m；L2：____ m；L3：____ m；L4：____ m,L1：____ m；L2：____ m；L3：____ m；L4：____ m,L1：____ m；L2：____ m；L3：____ m；L4：____ m
A–B 扩展｜不同距离下的 collision / contact 查询次数,L1：____；L2：____；L3：____；L4：____,L1：____；L2：____；L3：____；L4：____,L1：____；L2：____；L3：____；L4：____,L1：____；L2：____；L3：____；L4：____
A–B 扩展｜不同距离下的候选 / 有效 Gaussian pair 数量,L1：____ / ____；L2：____ / ____；L3：____ / ____；L4：____ / ____,L1：____ / ____；L2：____ / ____；L3：____ / ____；L4：____ / ____,L1：____ / ____；L2：____ / ____；L3：____ / ____；L4：____ / ____,L1：____ / ____；L2：____ / ____；L3：____ / ____；L4：____ / ____
A–B 扩展｜不同距离下的 configuration state / 节点数量,L1：____；L2：____；L3：____；L4：____,L1：____；L2：____；L3：____；L4：____,L1：____；L2：____；L3：____；L4：____,L1：____；L2：____；L3：____；L4：____
A–B 扩展｜不同距离下的 solver 迭代次数,L1：____；L2：____；L3：____；L4：____；若不适用填 N/A,L1：____；L2：____；L3：____；L4：____；若不适用填 N/A,L1：____；L2：____；L3：____；L4：____；若不适用填 N/A,L1：____；L2：____；L3：____；L4：____；若不适用填 N/A
A–B 扩展｜不同距离下的 refinement 轮数,L1：____；L2：____；L3：____；L4：____；若不适用填 N/A,L1：____；L2：____；L3：____；L4：____；若不适用填 N/A,L1：____；L2：____；L3：____；L4：____；若不适用填 N/A,L1：____；L2：____；L3：____；L4：____；若不适用填 N/A
A–B 扩展｜不同距离下的峰值内存,L1：____ GB；L2：____ GB；L3：____ GB；L4：____ GB,L1：____ GB；L2：____ GB；L3：____ GB；L4：____ GB,L1：____ GB；L2：____ GB；L3：____ GB；L4：____ GB,L1：____ GB；L2：____ GB；L3：____ GB；L4：____ GB
A–B 扩展｜不同距离下的失败类型,无路径误判：____；超时：____；最终验证失败：____；其他：____,无路径误判：____；超时：____；最终验证失败：____；其他：____,无路径误判：____；超时：____；最终验证失败：____；其他：____,无路径误判：____；超时：____；最终验证失败：____；其他：____
规模扩展｜不同场景 Gaussian 数量下的总规划时间,N_G=____：____ s；N_G=____：____ s；N_G=____：____ s；N_G=____：____ s,N_G=____：____ s；N_G=____：____ s；N_G=____：____ s；N_G=____：____ s,N_G=____：____ s；N_G=____：____ s；N_G=____：____ s；N_G=____：____ s,N_G=____：____ s；N_G=____：____ s；N_G=____：____ s；N_G=____：____ s
规模扩展｜不同场景 Gaussian 数量下的 pair 计算时间,N_G=____：____ s；N_G=____：____ s；N_G=____：____ s；N_G=____：____ s,N_G=____：____ s；N_G=____：____ s；N_G=____：____ s；N_G=____：____ s,N_G=____：____ s；N_G=____：____ s；N_G=____：____ s；N_G=____：____ s,N_G=____：____ s；N_G=____：____ s；N_G=____：____ s；N_G=____：____ s
规模扩展｜不同场景 Gaussian 数量下的 operator / graph 构建时间,N_G=____：____ s；N_G=____：____ s；N_G=____：____ s；N_G=____：____ s,N_G=____：____ s；N_G=____：____ s；N_G=____：____ s；N_G=____：____ s,N_G=____：____ s；N_G=____：____ s；N_G=____：____ s；N_G=____：____ s,N_G=____：____ s；N_G=____：____ s；N_G=____：____ s；N_G=____：____ s
规模扩展｜不同场景 Gaussian 数量下的全局求解时间,N_G=____：____ s；N_G=____：____ s；N_G=____：____ s；N_G=____：____ s,N_G=____：____ s；N_G=____：____ s；N_G=____：____ s；N_G=____：____ s,N_G=____：____ s；N_G=____：____ s；N_G=____：____ s；N_G=____：____ s,N_G=____：____ s；N_G=____：____ s；N_G=____：____ s；N_G=____：____ s
规模扩展｜不同场景 Gaussian 数量下的峰值内存,N_G=____：____ GB；N_G=____：____ GB；N_G=____：____ GB；N_G=____：____ GB,N_G=____：____ GB；N_G=____：____ GB；N_G=____：____ GB；N_G=____：____ GB,N_G=____：____ GB；N_G=____：____ GB；N_G=____：____ GB；N_G=____：____ GB,N_G=____：____ GB；N_G=____：____ GB；N_G=____：____ GB；N_G=____：____ GB
规模扩展｜不同规划分辨率下的总时间,分辨率 ____：____ s；分辨率 ____：____ s；分辨率 ____：____ s,分辨率 ____：____ s；分辨率 ____：____ s；分辨率 ____：____ s,分辨率 ____：____ s；分辨率 ____：____ s；分辨率 ____：____ s,分辨率 ____：____ s；分辨率 ____：____ s；分辨率 ____：____ s
规模扩展｜不同规划分辨率下的状态数,分辨率 ____：____；分辨率 ____：____；分辨率 ____：____,分辨率 ____：____；分辨率 ____：____；分辨率 ____：____,分辨率 ____：____；分辨率 ____：____；分辨率 ____：____,分辨率 ____：____；分辨率 ____：____；分辨率 ____：____
质量｜在构造上明确存在可行路径的测试中成功规划比例,____ / ____；成功率：____%,____ / ____；成功率：____%,____ / ____；成功率：____%,____ / ____；成功率：____%
质量｜在构造上明确不存在路径的测试中正确返回无路径比例,____ / ____；正确率：____%,____ / ____；正确率：____%,____ / ____；正确率：____%,____ / ____；正确率：____%
质量｜错误返回“无路径”的比例,____ / ____；____%,____ / ____；____%,____ / ____；____%,____ / ____；____%
质量｜输出路径通过最终连续碰撞验证的比例,____ / ____；____%,____ / ____；____%,____ / ____；____%,____ / ____；____%
质量｜输出路径未通过最终连续碰撞验证的比例,____ / ____；____%,____ / ____；____%,____ / ____；____%,____ / ____；____%
质量｜路径长度统计,Mean：____ m；Median：____ m；P95：____ m,Mean：____ m；Median：____ m；P95：____ m,Mean：____ m；Median：____ m；P95：____ m,Mean：____ m；Median：____ m；P95：____ m
质量｜相对于当前可获得最短路径的长度增加比例,Mean：____%；Median：____%；P95：____%,Mean：____%；Median：____%；P95：____%,Mean：____%；Median：____%；P95：____%,Mean：____%；Median：____%；P95：____%
质量｜路径最小碰撞间隙 / clearance,Mean：____ m；Median：____ m；Minimum：____ m,Mean：____ m；Median：____ m；Minimum：____ m,Mean：____ m；Median：____ m；Minimum：____ m,Mean：____ m；Median：____ m；Minimum：____ m
质量｜路径转弯次数或方向变化次数,Mean：____；Median：____；P95：____,Mean：____；Median：____；P95：____,Mean：____；Median：____；P95：____,Mean：____；Median：____；P95：____
质量｜路径平滑度 / 曲率代价（若实现）,Mean：____；P95：____；若未实现填 N/A,Mean：____；P95：____；若未实现填 N/A,Mean：____；P95：____；若未实现填 N/A,Mean：____；P95：____；若未实现填 N/A
质量｜在设定时间预算内的 timeout 比例,时间预算：____ s；Timeout：____ / ____；____%,时间预算：____ s；Timeout：____ / ____；____%,时间预算：____ s；Timeout：____ / ____；____%,时间预算：____ s；Timeout：____ / ____；____%
质量｜规划分辨率改变后成功 / 失败结论发生变化的比例,____ / ____；____%,____ / ____；____%,____ / ____；____%,____ / ____；____%
质量｜规划分辨率改变后主要路线发生变化的比例,____ / ____；____%,____ / ____；____%,____ / ____；____%,____ / ____；____%
质量｜同一输入多次重复运行时结果稳定性,完全一致：____%；路线变化：____%；成功 / 失败翻转：____%,完全一致：____%；路线变化：____%；成功 / 失败翻转：____%,完全一致：____%；路线变化：____%；成功 / 失败翻转：____%,完全一致：____%；路线变化：____%；成功 / 失败翻转：____%
失败分析｜无路径误判数量与比例,____ / ____；____%,____ / ____；____%,____ / ____；____%,____ / ____；____%
失败分析｜超时数量与比例,____ / ____；____%,____ / ____；____%,____ / ____；____%,____ / ____；____%
失败分析｜输出路径最终验证失败数量与比例,____ / ____；____%,____ / ____；____%,____ / ____；____%,____ / ____；____%
失败分析｜内存不足数量与比例,____ / ____；____%,____ / ____；____%,____ / ____；____%,____ / ____；____%
失败分析｜其他失败数量、比例与原因,____ / ____；____%；原因：____,____ / ____；____%；原因：____,____ / ____；____%；原因：____,____ / ____；____%；原因：____
失败分析｜失败是否主要由计算预算不足造成,是 / 否：____；相关失败：____ / ____；____%,是 / 否：____；相关失败：____ / ____；____%,是 / 否：____；相关失败：____ / ____；____%,是 / 否：____；相关失败：____ / ____；____%
失败分析｜失败是否主要由当前解析表示或求解能力不足造成,是 / 否：____；相关失败：____ / ____；____%,是 / 否：____；相关失败：____ / ____；____%,是 / 否：____；相关失败：____ / ____；____%,是 / 否：____；相关失败：____ / ____；____%
失败分析｜计算时间可接受但路径质量明显不好的测试比例,____ / ____；____%,____ / ____；____%,____ / ____；____%,____ / ____；____%
失败分析｜路径结果正确但计算时间明显过长的测试比例,____ / ____；____%,____ / ____；____%,____ / ____；____%,____ / ____；____%
失败分析｜当前最常见失败类型,类型：____；占全部失败：____%,类型：____；占全部失败：____%,类型：____；占全部失败：____%,类型：____；占全部失败：____%
