review_id,case_id,robot,source,mechanism,group,n_rows,figure,cause,human_verdict,human_note
WWEST-F4X-00001/cylinder,WWEST-F4X-00001,cylinder,F4,POST-TIMEOUT,genuine,1,gmc/results/aerial3dg/f5/fig/WWEST-F4X-00001_cylinder.png,"120 s alarm inside shortcut (post-processing: shortcut 103 accepts 113 s, tighten 578 accepts 7 s); verdict-only UNKNOWN in 0.8 s; 60 s post budget -> REACHABLE",,
WWEST-F4X-00005/cylinder,WWEST-F4X-00005,cylinder,F4,POST-TIMEOUT,genuine,1,gmc/results/aerial3dg/f5/fig/WWEST-F4X-00005_cylinder.png,"120 s alarm inside shortcut (post-processing: shortcut 50 accepts 113 s, tighten 386 accepts 6 s); verdict-only UNKNOWN in 0.9 s; 60 s post budget -> REACHABLE",,
WWEST-F4X-00007/cylinder,WWEST-F4X-00007,cylinder,F4,POST-TIMEOUT,genuine,1,gmc/results/aerial3dg/f5/fig/WWEST-F4X-00007_cylinder.png,120 s alarm inside shortcut (post-processing: shortcut 39 accepts 119 s); verdict-only REACHABLE in 1.4 s; 60 s post budget -> REACHABLE,,
WWEST-F4X-00030/cylinder,WWEST-F4X-00030,cylinder,F4,POST-TIMEOUT,genuine,1,gmc/results/aerial3dg/f5/fig/WWEST-F4X-00030_cylinder.png,120 s alarm inside shortcut (post-processing: shortcut 32 accepts 120 s); verdict-only UNKNOWN in 0.4 s; 60 s post budget -> UNKNOWN,,
WWEST-F4X-00040/cylinder,WWEST-F4X-00040,cylinder,F4,POST-TIMEOUT,genuine,1,gmc/results/aerial3dg/f5/fig/WWEST-F4X-00040_cylinder.png,"120 s alarm inside shortcut (post-processing: shortcut 125 accepts 116 s, tighten 365 accepts 3 s); verdict-only REACHABLE in 1.3 s; 60 s post budget -> REACHABLE",,
WWEST-F4X-00066/cylinder,WWEST-F4X-00066,cylinder,F4,POST-TIMEOUT,genuine,1,gmc/results/aerial3dg/f5/fig/WWEST-F4X-00066_cylinder.png,"120 s alarm inside shortcut (post-processing: shortcut 110 accepts 114 s, tighten 522 accepts 6 s); verdict-only REACHABLE in 0.8 s; 60 s post budget -> REACHABLE",,
WWEST-F4X-00098/cylinder,WWEST-F4X-00098,cylinder,F4,POST-TIMEOUT,genuine,1,gmc/results/aerial3dg/f5/fig/WWEST-F4X-00098_cylinder.png,"120 s alarm inside shortcut (post-processing: shortcut 146 accepts 115 s, tighten 465 accepts 4 s); verdict-only REACHABLE in 1.2 s; 60 s post budget -> REACHABLE",,
WWEST-F4X-00123/cylinder,WWEST-F4X-00123,cylinder,F4,POST-TIMEOUT,genuine,1,gmc/results/aerial3dg/f5/fig/WWEST-F4X-00123_cylinder.png,"120 s alarm inside shortcut (post-processing: shortcut 71 accepts 107 s, tighten 790 accepts 12 s); verdict-only UNKNOWN in 1.0 s; 60 s post budget -> REACHABLE",,
WWEST-F4X-00138/cylinder,WWEST-F4X-00138,cylinder,F4,POST-TIMEOUT,genuine,1,gmc/results/aerial3dg/f5/fig/WWEST-F4X-00138_cylinder.png,"120 s alarm inside shortcut (post-processing: shortcut 69 accepts 108 s, tighten 593 accepts 12 s); verdict-only REACHABLE in 1.1 s; 60 s post budget -> REACHABLE",,
WWEST-F4X-00147/cylinder,WWEST-F4X-00147,cylinder,F4,POST-TIMEOUT,genuine,1,gmc/results/aerial3dg/f5/fig/WWEST-F4X-00147_cylinder.png,"120 s alarm inside shortcut (post-processing: shortcut 98 accepts 117 s, tighten 279 accepts 3 s); verdict-only REACHABLE in 0.8 s; 60 s post budget -> REACHABLE",,
WWEST-F4X-00150/cylinder,WWEST-F4X-00150,cylinder,F4,POST-TIMEOUT,genuine,1,gmc/results/aerial3dg/f5/fig/WWEST-F4X-00150_cylinder.png,"120 s alarm inside shortcut (post-processing: shortcut 71 accepts 112 s, tighten 588 accepts 7 s); verdict-only UNKNOWN in 1.2 s; 60 s post budget -> REACHABLE",,
WWEST-F4X-00175/cylinder,WWEST-F4X-00175,cylinder,F4,POST-TIMEOUT,genuine,1,gmc/results/aerial3dg/f5/fig/WWEST-F4X-00175_cylinder.png,"120 s alarm inside merge_corners (post-processing: shortcut 116 accepts 101 s, tighten 388 accepts 12 s, merge_corners 2 accepts 6 s); verdict-only UNKNOWN in 2.8 s; 60 s post budget -> REACHABLE",,
WWEST-F4X-00194/cylinder,WWEST-F4X-00194,cylinder,F4,POST-TIMEOUT,genuine,1,gmc/results/aerial3dg/f5/fig/WWEST-F4X-00194_cylinder.png,"120 s alarm inside shortcut (post-processing: shortcut 206 accepts 113 s, tighten 549 accepts 7 s); verdict-only REACHABLE in 1.5 s; 60 s post budget -> REACHABLE",,
WWEST-F4X-00196/cylinder,WWEST-F4X-00196,cylinder,F4,POST-TIMEOUT,genuine,1,gmc/results/aerial3dg/f5/fig/WWEST-F4X-00196_cylinder.png,120 s alarm inside shortcut (post-processing: shortcut 56 accepts 118 s); verdict-only REACHABLE in 2.2 s; 60 s post budget -> REACHABLE,,
WWEST-F4X-00221/cylinder,WWEST-F4X-00221,cylinder,F4,POST-TIMEOUT,genuine,1,gmc/results/aerial3dg/f5/fig/WWEST-F4X-00221_cylinder.png,120 s alarm inside shortcut (post-processing: shortcut 63 accepts 120 s); verdict-only UNKNOWN in 0.6 s; 60 s post budget -> REACHABLE,,
WWEST-F4X-00222/cylinder,WWEST-F4X-00222,cylinder,F4,POST-TIMEOUT,genuine,1,gmc/results/aerial3dg/f5/fig/WWEST-F4X-00222_cylinder.png,"120 s alarm inside shortcut (post-processing: shortcut 54 accepts 93 s, tighten 476 accepts 27 s); verdict-only UNKNOWN in 2.7 s; 60 s post budget -> REACHABLE",,
WWEST-F4X-00244/cylinder,WWEST-F4X-00244,cylinder,F4,POST-TIMEOUT,genuine,1,gmc/results/aerial3dg/f5/fig/WWEST-F4X-00244_cylinder.png,"120 s alarm inside shortcut (post-processing: shortcut 66 accepts 100 s, tighten 662 accepts 19 s); verdict-only UNKNOWN in 2.3 s; 60 s post budget -> REACHABLE",,
WWEST-F4X-00289/cylinder,WWEST-F4X-00289,cylinder,F4,POST-TIMEOUT,genuine,1,gmc/results/aerial3dg/f5/fig/WWEST-F4X-00289_cylinder.png,120 s alarm inside shortcut (post-processing: shortcut 48 accepts 118 s); verdict-only REACHABLE in 2.1 s; 60 s post budget -> REACHABLE,,
WWEST-F4X-00301/cylinder,WWEST-F4X-00301,cylinder,F4,POST-TIMEOUT,genuine,1,gmc/results/aerial3dg/f5/fig/WWEST-F4X-00301_cylinder.png,"120 s alarm inside shortcut (post-processing: shortcut 92 accepts 114 s, tighten 438 accepts 6 s); verdict-only REACHABLE in 0.8 s; 60 s post budget -> REACHABLE",,
WWEST-F4X-00303/cylinder,WWEST-F4X-00303,cylinder,F4,POST-TIMEOUT,genuine,1,gmc/results/aerial3dg/f5/fig/WWEST-F4X-00303_cylinder.png,"120 s alarm inside shortcut (post-processing: shortcut 126 accepts 113 s, tighten 472 accepts 6 s); verdict-only UNKNOWN in 1.3 s; 60 s post budget -> UNKNOWN",,
WWEST-F4X-00313/cylinder,WWEST-F4X-00313,cylinder,F4,POST-TIMEOUT,genuine,1,gmc/results/aerial3dg/f5/fig/WWEST-F4X-00313_cylinder.png,"120 s alarm inside shortcut (post-processing: shortcut 52 accepts 114 s, tighten 466 accepts 5 s); verdict-only UNKNOWN in 1.0 s; 60 s post budget -> REACHABLE",,
WWEST-F4X-00328/cylinder,WWEST-F4X-00328,cylinder,F4,POST-TIMEOUT,genuine,1,gmc/results/aerial3dg/f5/fig/WWEST-F4X-00328_cylinder.png,120 s alarm inside shortcut (post-processing: shortcut 57 accepts 120 s); verdict-only UNKNOWN in 0.6 s; 60 s post budget -> REACHABLE,,
WWEST-F4X-00336/cylinder,WWEST-F4X-00336,cylinder,F4,POST-TIMEOUT,genuine,1,gmc/results/aerial3dg/f5/fig/WWEST-F4X-00336_cylinder.png,"120 s alarm inside shortcut (post-processing: shortcut 59 accepts 113 s, tighten 596 accepts 6 s); verdict-only UNKNOWN in 2.1 s; 60 s post budget -> REACHABLE",,
WWEST-F4X-00354/cylinder,WWEST-F4X-00354,cylinder,F4,POST-TIMEOUT,genuine,1,gmc/results/aerial3dg/f5/fig/WWEST-F4X-00354_cylinder.png,120 s alarm inside shortcut (post-processing: shortcut 71 accepts 120 s); verdict-only UNKNOWN in 0.6 s; 60 s post budget -> REACHABLE,,
WWEST-F4X-00359/cylinder,WWEST-F4X-00359,cylinder,F4,POST-TIMEOUT,genuine,1,gmc/results/aerial3dg/f5/fig/WWEST-F4X-00359_cylinder.png,"120 s alarm inside shortcut (post-processing: shortcut 69 accepts 114 s, tighten 509 accepts 5 s); verdict-only REACHABLE in 1.1 s; 60 s post budget -> REACHABLE",,
WWEST-F4X-00367/cylinder,WWEST-F4X-00367,cylinder,F4,POST-TIMEOUT,genuine,1,gmc/results/aerial3dg/f5/fig/WWEST-F4X-00367_cylinder.png,120 s alarm inside shortcut (post-processing: shortcut 50 accepts 120 s); verdict-only UNKNOWN in 0.6 s; 60 s post budget -> REACHABLE,,
WWEST-F4X-00372/cylinder,WWEST-F4X-00372,cylinder,F4,POST-TIMEOUT,genuine,1,gmc/results/aerial3dg/f5/fig/WWEST-F4X-00372_cylinder.png,"120 s alarm inside shortcut (post-processing: shortcut 152 accepts 111 s, tighten 652 accepts 8 s); verdict-only UNKNOWN in 0.9 s; 60 s post budget -> REACHABLE",,
WWEST-F4X-00394/cylinder,WWEST-F4X-00394,cylinder,F4,POST-TIMEOUT,genuine,1,gmc/results/aerial3dg/f5/fig/WWEST-F4X-00394_cylinder.png,120 s alarm inside shortcut (post-processing: shortcut 15 accepts 120 s); verdict-only UNKNOWN in 0.6 s; 60 s post budget -> REACHABLE,,
WWEST-F4X-00397/cylinder,WWEST-F4X-00397,cylinder,F4,POST-TIMEOUT,genuine,1,gmc/results/aerial3dg/f5/fig/WWEST-F4X-00397_cylinder.png,"120 s alarm inside shortcut (post-processing: shortcut 61 accepts 111 s, tighten 586 accepts 9 s); verdict-only UNKNOWN in 1.4 s; 60 s post budget -> REACHABLE",,
WWEST-F4X-00417/cylinder,WWEST-F4X-00417,cylinder,F4,POST-TIMEOUT,genuine,1,gmc/results/aerial3dg/f5/fig/WWEST-F4X-00417_cylinder.png,"120 s alarm inside shortcut (post-processing: shortcut 37 accepts 116 s, tighten 389 accepts 4 s); verdict-only UNKNOWN in 1.2 s; 60 s post budget -> REACHABLE",,
WWEST-F4X-00445/cylinder,WWEST-F4X-00445,cylinder,F4,POST-TIMEOUT,genuine,1,gmc/results/aerial3dg/f5/fig/WWEST-F4X-00445_cylinder.png,"120 s alarm inside shortcut (post-processing: shortcut 104 accepts 113 s, tighten 460 accepts 6 s); verdict-only REACHABLE in 1.3 s; 60 s post budget -> REACHABLE",,
WWEST-F4X-00459/cylinder,WWEST-F4X-00459,cylinder,F4,POST-TIMEOUT,genuine,1,gmc/results/aerial3dg/f5/fig/WWEST-F4X-00459_cylinder.png,"120 s alarm inside shortcut (post-processing: shortcut 36 accepts 88 s, tighten 434 accepts 32 s); verdict-only UNKNOWN in 1.4 s; 60 s post budget -> UNKNOWN",,
WWEST-F4X-00467/cylinder,WWEST-F4X-00467,cylinder,F4,POST-TIMEOUT,genuine,1,gmc/results/aerial3dg/f5/fig/WWEST-F4X-00467_cylinder.png,"120 s alarm inside shortcut (post-processing: shortcut 74 accepts 85 s, tighten 594 accepts 35 s); verdict-only REACHABLE in 1.1 s; 60 s post budget -> REACHABLE",,
WWEST-F4X-00474/cylinder,WWEST-F4X-00474,cylinder,F4,POST-TIMEOUT,genuine,1,gmc/results/aerial3dg/f5/fig/WWEST-F4X-00474_cylinder.png,"120 s alarm inside shortcut (post-processing: shortcut 46 accepts 109 s, tighten 415 accepts 10 s); verdict-only UNKNOWN in 1.3 s; 60 s post budget -> REACHABLE",,
WWEST-F4X-00511/cylinder,WWEST-F4X-00511,cylinder,F4,POST-TIMEOUT,genuine,1,gmc/results/aerial3dg/f5/fig/WWEST-F4X-00511_cylinder.png,"120 s alarm inside shortcut (post-processing: shortcut 59 accepts 113 s, tighten 565 accepts 5 s); verdict-only REACHABLE in 2.0 s; 60 s post budget -> REACHABLE",,
WWEST-F4X-00513/cylinder,WWEST-F4X-00513,cylinder,F4,POST-TIMEOUT,genuine,1,gmc/results/aerial3dg/f5/fig/WWEST-F4X-00513_cylinder.png,"120 s alarm inside shortcut (post-processing: shortcut 70 accepts 107 s, tighten 239 accepts 13 s); verdict-only UNKNOWN in 3.8 s; 60 s post budget -> REACHABLE",,
WWEST-F4X-00524/cylinder,WWEST-F4X-00524,cylinder,F4,POST-TIMEOUT,genuine,1,gmc/results/aerial3dg/f5/fig/WWEST-F4X-00524_cylinder.png,120 s alarm inside shortcut (post-processing: shortcut 26 accepts 118 s); verdict-only REACHABLE in 2.1 s; 60 s post budget -> REACHABLE,,
WWEST-F4X-00525/cylinder,WWEST-F4X-00525,cylinder,F4,POST-TIMEOUT,genuine,1,gmc/results/aerial3dg/f5/fig/WWEST-F4X-00525_cylinder.png,120 s alarm inside shortcut (post-processing: shortcut 30 accepts 118 s); verdict-only UNKNOWN in 2.7 s; 60 s post budget -> REACHABLE,,
WWEST-F4X-00530/cylinder,WWEST-F4X-00530,cylinder,F4,POST-TIMEOUT,genuine,1,gmc/results/aerial3dg/f5/fig/WWEST-F4X-00530_cylinder.png,120 s alarm inside shortcut (post-processing: shortcut 72 accepts 119 s); verdict-only UNKNOWN in 0.8 s; 60 s post budget -> REACHABLE,,
WWEST-F4X-00534/cylinder,WWEST-F4X-00534,cylinder,F4,POST-TIMEOUT,genuine,1,gmc/results/aerial3dg/f5/fig/WWEST-F4X-00534_cylinder.png,"120 s alarm inside shortcut (post-processing: shortcut 170 accepts 113 s, tighten 477 accepts 6 s); verdict-only REACHABLE in 1.2 s; 60 s post budget -> REACHABLE",,
WWEST-F4X-00535/cylinder,WWEST-F4X-00535,cylinder,F4,POST-TIMEOUT,genuine,1,gmc/results/aerial3dg/f5/fig/WWEST-F4X-00535_cylinder.png,"120 s alarm inside shortcut (post-processing: shortcut 67 accepts 116 s, tighten 270 accepts 3 s); verdict-only REACHABLE in 1.4 s; 60 s post budget -> REACHABLE",,
WWEST-F4X-00537/cylinder,WWEST-F4X-00537,cylinder,F4,POST-TIMEOUT,genuine,1,gmc/results/aerial3dg/f5/fig/WWEST-F4X-00537_cylinder.png,"120 s alarm inside shortcut (post-processing: shortcut 67 accepts 114 s, tighten 468 accepts 6 s); verdict-only REACHABLE in 1.0 s; 60 s post budget -> REACHABLE",,
WWEST-F4X-00543/cylinder,WWEST-F4X-00543,cylinder,F4,POST-TIMEOUT,genuine,1,gmc/results/aerial3dg/f5/fig/WWEST-F4X-00543_cylinder.png,120 s alarm inside shortcut (post-processing: shortcut 26 accepts 119 s); verdict-only REACHABLE in 1.8 s; 60 s post budget -> REACHABLE,,
WWEST-F4X-00565/cylinder,WWEST-F4X-00565,cylinder,F4,POST-TIMEOUT,genuine,1,gmc/results/aerial3dg/f5/fig/WWEST-F4X-00565_cylinder.png,120 s alarm inside shortcut (post-processing: shortcut 72 accepts 119 s); verdict-only REACHABLE in 1.5 s; 60 s post budget -> REACHABLE,,
WWEST-F4X-00573/cylinder,WWEST-F4X-00573,cylinder,F4,POST-TIMEOUT,genuine,1,gmc/results/aerial3dg/f5/fig/WWEST-F4X-00573_cylinder.png,"120 s alarm inside shortcut (post-processing: shortcut 71 accepts 86 s, tighten 397 accepts 33 s); verdict-only REACHABLE in 2.1 s; 60 s post budget -> REACHABLE",,
WWEST-F4X-00579/cylinder,WWEST-F4X-00579,cylinder,F4,POST-TIMEOUT,genuine,1,gmc/results/aerial3dg/f5/fig/WWEST-F4X-00579_cylinder.png,120 s alarm inside shortcut (post-processing: shortcut 37 accepts 119 s); verdict-only REACHABLE in 1.4 s; 60 s post budget -> REACHABLE,,
WWEST-F4X-00609/cylinder,WWEST-F4X-00609,cylinder,F4,POST-TIMEOUT,genuine,1,gmc/results/aerial3dg/f5/fig/WWEST-F4X-00609_cylinder.png,"120 s alarm inside shortcut (post-processing: shortcut 53 accepts 101 s, tighten 547 accepts 18 s); verdict-only UNKNOWN in 2.0 s; 60 s post budget -> REACHABLE",,
WWEST-F4X-00636/cylinder,WWEST-F4X-00636,cylinder,F4,POST-TIMEOUT,genuine,1,gmc/results/aerial3dg/f5/fig/WWEST-F4X-00636_cylinder.png,120 s alarm inside shortcut (post-processing: shortcut 43 accepts 119 s); verdict-only REACHABLE in 1.5 s; 60 s post budget -> REACHABLE,,
WWEST-F4X-00638/cylinder,WWEST-F4X-00638,cylinder,F4,POST-TIMEOUT,genuine,1,gmc/results/aerial3dg/f5/fig/WWEST-F4X-00638_cylinder.png,120 s alarm inside shortcut (post-processing: shortcut 68 accepts 119 s); verdict-only REACHABLE in 1.2 s; 60 s post budget -> REACHABLE,,
WWEST-F4X-00648/cylinder,WWEST-F4X-00648,cylinder,F4,POST-TIMEOUT,genuine,1,gmc/results/aerial3dg/f5/fig/WWEST-F4X-00648_cylinder.png,120 s alarm inside shortcut (post-processing: shortcut 29 accepts 120 s); verdict-only UNKNOWN in 0.5 s; 60 s post budget -> REACHABLE,,
WWEST-F4X-00657/cylinder,WWEST-F4X-00657,cylinder,F4,POST-TIMEOUT,genuine,1,gmc/results/aerial3dg/f5/fig/WWEST-F4X-00657_cylinder.png,"120 s alarm inside shortcut (post-processing: shortcut 109 accepts 114 s, tighten 395 accepts 5 s); verdict-only REACHABLE in 0.6 s; 60 s post budget -> REACHABLE",,
WWEST-F4X-00664/cylinder,WWEST-F4X-00664,cylinder,F4,POST-TIMEOUT,genuine,1,gmc/results/aerial3dg/f5/fig/WWEST-F4X-00664_cylinder.png,120 s alarm inside shortcut (post-processing: shortcut 49 accepts 119 s); verdict-only REACHABLE in 1.5 s; 60 s post budget -> REACHABLE,,
WWEST-F4X-00676/cylinder,WWEST-F4X-00676,cylinder,F4,POST-TIMEOUT,genuine,1,gmc/results/aerial3dg/f5/fig/WWEST-F4X-00676_cylinder.png,"120 s alarm inside shortcut (post-processing: shortcut 40 accepts 116 s, tighten 266 accepts 4 s); verdict-only REACHABLE in 2.6 s; 60 s post budget -> REACHABLE",,
WWEST-F4X-00677/cylinder,WWEST-F4X-00677,cylinder,F4,POST-TIMEOUT,genuine,1,gmc/results/aerial3dg/f5/fig/WWEST-F4X-00677_cylinder.png,"120 s alarm inside shortcut (post-processing: shortcut 103 accepts 114 s, tighten 435 accepts 4 s); verdict-only REACHABLE in 1.5 s; 60 s post budget -> REACHABLE",,
WWEST-F4X-00689/cylinder,WWEST-F4X-00689,cylinder,F4,POST-TIMEOUT,genuine,1,gmc/results/aerial3dg/f5/fig/WWEST-F4X-00689_cylinder.png,"120 s alarm inside shortcut (post-processing: shortcut 68 accepts 103 s, tighten 361 accepts 17 s); verdict-only REACHABLE in 2.5 s; 60 s post budget -> REACHABLE",,
WWEST-F4X-00703/cylinder,WWEST-F4X-00703,cylinder,F4,POST-TIMEOUT,genuine,1,gmc/results/aerial3dg/f5/fig/WWEST-F4X-00703_cylinder.png,"120 s alarm inside tighten (post-processing: shortcut 75 accepts 88 s, tighten 161 accepts 31 s); verdict-only UNKNOWN in 5.2 s; 60 s post budget -> REACHABLE",,
WWEST-F4X-00704/cylinder,WWEST-F4X-00704,cylinder,F4,POST-TIMEOUT,genuine,1,gmc/results/aerial3dg/f5/fig/WWEST-F4X-00704_cylinder.png,"120 s alarm inside shortcut (post-processing: shortcut 131 accepts 113 s, tighten 407 accepts 6 s); verdict-only REACHABLE in 1.1 s; 60 s post budget -> REACHABLE",,
WWEST-F4X-00728/cylinder,WWEST-F4X-00728,cylinder,F4,POST-TIMEOUT,genuine,1,gmc/results/aerial3dg/f5/fig/WWEST-F4X-00728_cylinder.png,"120 s alarm inside shortcut (post-processing: shortcut 53 accepts 119 s, tighten 87 accepts 1 s); verdict-only UNKNOWN in 2.9 s; 60 s post budget -> UNKNOWN",,
WWEST-F4X-00763/cylinder,WWEST-F4X-00763,cylinder,F4,POST-TIMEOUT,genuine,1,gmc/results/aerial3dg/f5/fig/WWEST-F4X-00763_cylinder.png,"120 s alarm inside shortcut (post-processing: shortcut 119 accepts 110 s, tighten 788 accepts 10 s); verdict-only REACHABLE in 0.8 s; 60 s post budget -> REACHABLE",,
WWEST-F4X-00778/cylinder,WWEST-F4X-00778,cylinder,F4,POST-TIMEOUT,genuine,1,gmc/results/aerial3dg/f5/fig/WWEST-F4X-00778_cylinder.png,120 s alarm inside shortcut (post-processing: shortcut 57 accepts 118 s); verdict-only REACHABLE in 1.9 s; 60 s post budget -> REACHABLE,,
WWEST-F4X-00793/cylinder,WWEST-F4X-00793,cylinder,F4,POST-TIMEOUT,genuine,1,gmc/results/aerial3dg/f5/fig/WWEST-F4X-00793_cylinder.png,"120 s alarm inside shortcut (post-processing: shortcut 114 accepts 114 s, tighten 537 accepts 5 s); verdict-only REACHABLE in 1.4 s; 60 s post budget -> REACHABLE",,
WWEST-F4X-00798/cylinder,WWEST-F4X-00798,cylinder,F4,POST-TIMEOUT,genuine,1,gmc/results/aerial3dg/f5/fig/WWEST-F4X-00798_cylinder.png,"120 s alarm inside shortcut (post-processing: shortcut 60 accepts 115 s, tighten 411 accepts 4 s); verdict-only UNKNOWN in 0.4 s; 60 s post budget -> REACHABLE",,
WWEST-F4X-00805/cylinder,WWEST-F4X-00805,cylinder,F4,POST-TIMEOUT,genuine,1,gmc/results/aerial3dg/f5/fig/WWEST-F4X-00805_cylinder.png,120 s alarm inside shortcut (post-processing: shortcut 75 accepts 119 s); verdict-only REACHABLE in 1.6 s; 60 s post budget -> REACHABLE,,
WWEST-F4X-00816/cylinder,WWEST-F4X-00816,cylinder,F4,POST-TIMEOUT,genuine,1,gmc/results/aerial3dg/f5/fig/WWEST-F4X-00816_cylinder.png,120 s alarm inside shortcut (post-processing: shortcut 98 accepts 119 s); verdict-only REACHABLE in 0.9 s; 60 s post budget -> REACHABLE,,
WWEST-F4X-00825/cylinder,WWEST-F4X-00825,cylinder,F4,POST-TIMEOUT,genuine,1,gmc/results/aerial3dg/f5/fig/WWEST-F4X-00825_cylinder.png,"120 s alarm inside shortcut (post-processing: shortcut 35 accepts 111 s, tighten 411 accepts 8 s); verdict-only REACHABLE in 1.1 s; 60 s post budget -> REACHABLE",,
WWEST-F4X-00838/cylinder,WWEST-F4X-00838,cylinder,F4,POST-TIMEOUT,genuine,1,gmc/results/aerial3dg/f5/fig/WWEST-F4X-00838_cylinder.png,"120 s alarm inside shortcut (post-processing: shortcut 268 accepts 114 s, tighten 645 accepts 6 s); verdict-only REACHABLE in 0.8 s; 60 s post budget -> REACHABLE",,
WWEST-F4X-00844/cylinder,WWEST-F4X-00844,cylinder,F4,POST-TIMEOUT,genuine,1,gmc/results/aerial3dg/f5/fig/WWEST-F4X-00844_cylinder.png,"120 s alarm inside shortcut (post-processing: shortcut 114 accepts 106 s, tighten 459 accepts 13 s); verdict-only REACHABLE in 1.4 s; 60 s post budget -> REACHABLE",,
WWEST-F4X-00862/cylinder,WWEST-F4X-00862,cylinder,F4,POST-TIMEOUT,genuine,1,gmc/results/aerial3dg/f5/fig/WWEST-F4X-00862_cylinder.png,"re-query REACHABLE in 111 s (post-processing: shortcut 123 accepts 96 s, tighten 209 accepts 9 s, merge_corners 22 accepts 3 s); verdict-only REACHABLE in 2.2 s; 60 s post budget -> REACHABLE",,
WWEST-F4X-00865/cylinder,WWEST-F4X-00865,cylinder,F4,POST-TIMEOUT,genuine,1,gmc/results/aerial3dg/f5/fig/WWEST-F4X-00865_cylinder.png,"120 s alarm inside shortcut (post-processing: shortcut 161 accepts 117 s, tighten 224 accepts 2 s); verdict-only UNKNOWN in 1.2 s; 60 s post budget -> REACHABLE",,
WWEST-F4X-00874/cylinder,WWEST-F4X-00874,cylinder,F4,POST-TIMEOUT,genuine,1,gmc/results/aerial3dg/f5/fig/WWEST-F4X-00874_cylinder.png,"120 s alarm inside shortcut (post-processing: shortcut 274 accepts 114 s, tighten 638 accepts 6 s); verdict-only REACHABLE in 0.3 s; 60 s post budget -> REACHABLE",,
WWEST-F4X-00906/cylinder,WWEST-F4X-00906,cylinder,F4,POST-TIMEOUT,genuine,1,gmc/results/aerial3dg/f5/fig/WWEST-F4X-00906_cylinder.png,"120 s alarm inside shortcut (post-processing: shortcut 49 accepts 117 s, tighten 368 accepts 2 s); verdict-only UNKNOWN in 0.9 s; 60 s post budget -> REACHABLE",,
WWEST-F4X-00947/cylinder,WWEST-F4X-00947,cylinder,F4,POST-TIMEOUT,genuine,1,gmc/results/aerial3dg/f5/fig/WWEST-F4X-00947_cylinder.png,"120 s alarm inside shortcut (post-processing: shortcut 116 accepts 117 s, tighten 361 accepts 2 s); verdict-only REACHABLE in 0.8 s; 60 s post budget -> REACHABLE",,
WWEST-F4X-00950/cylinder,WWEST-F4X-00950,cylinder,F4,POST-TIMEOUT,genuine,1,gmc/results/aerial3dg/f5/fig/WWEST-F4X-00950_cylinder.png,"120 s alarm inside shortcut (post-processing: shortcut 79 accepts 115 s, tighten 485 accepts 4 s); verdict-only REACHABLE in 1.2 s; 60 s post budget -> REACHABLE",,
WWEST-F4X-00954/cylinder,WWEST-F4X-00954,cylinder,F4,POST-TIMEOUT,genuine,1,gmc/results/aerial3dg/f5/fig/WWEST-F4X-00954_cylinder.png,"120 s alarm inside shortcut (post-processing: shortcut 91 accepts 113 s, tighten 692 accepts 6 s); verdict-only REACHABLE in 1.8 s; 60 s post budget -> REACHABLE",,
WWEST-F4X-00977/cylinder,WWEST-F4X-00977,cylinder,F4,POST-TIMEOUT,genuine,1,gmc/results/aerial3dg/f5/fig/WWEST-F4X-00977_cylinder.png,120 s alarm inside shortcut (post-processing: shortcut 71 accepts 118 s); verdict-only REACHABLE in 2.1 s; 60 s post budget -> REACHABLE,,
WWEST-F4X-00991/cylinder,WWEST-F4X-00991,cylinder,F4,POST-TIMEOUT,genuine,1,gmc/results/aerial3dg/f5/fig/WWEST-F4X-00991_cylinder.png,120 s alarm inside shortcut (post-processing: shortcut 38 accepts 120 s); verdict-only UNKNOWN in 0.5 s; 60 s post budget -> REACHABLE,,
WWEST-F4X-01002/cylinder,WWEST-F4X-01002,cylinder,F4,POST-TIMEOUT,genuine,1,gmc/results/aerial3dg/f5/fig/WWEST-F4X-01002_cylinder.png,"120 s alarm inside shortcut (post-processing: shortcut 102 accepts 113 s, tighten 370 accepts 7 s); verdict-only REACHABLE in 1.1 s; 60 s post budget -> REACHABLE",,
WWEST-F4X-01018/cylinder,WWEST-F4X-01018,cylinder,F4,POST-TIMEOUT,genuine,1,gmc/results/aerial3dg/f5/fig/WWEST-F4X-01018_cylinder.png,"120 s alarm inside shortcut (post-processing: shortcut 112 accepts 115 s, tighten 368 accepts 3 s); verdict-only REACHABLE in 2.0 s; 60 s post budget -> REACHABLE",,
WWEST-F4X-01032/cylinder,WWEST-F4X-01032,cylinder,F4,POST-TIMEOUT,genuine,1,gmc/results/aerial3dg/f5/fig/WWEST-F4X-01032_cylinder.png,"120 s alarm inside shortcut (post-processing: shortcut 74 accepts 114 s, tighten 583 accepts 6 s); verdict-only REACHABLE in 0.6 s; 60 s post budget -> REACHABLE",,
WWEST-F4X-01033/cylinder,WWEST-F4X-01033,cylinder,F4,POST-TIMEOUT,genuine,1,gmc/results/aerial3dg/f5/fig/WWEST-F4X-01033_cylinder.png,120 s alarm inside shortcut (post-processing: shortcut 56 accepts 119 s); verdict-only REACHABLE in 1.2 s; 60 s post budget -> REACHABLE,,
WWEST-F4X-01061/cylinder,WWEST-F4X-01061,cylinder,F4,POST-TIMEOUT,genuine,1,gmc/results/aerial3dg/f5/fig/WWEST-F4X-01061_cylinder.png,120 s alarm inside shortcut (post-processing: shortcut 77 accepts 120 s); verdict-only UNKNOWN in 0.5 s; 60 s post budget -> REACHABLE,,
WWEST-F4X-01101/cylinder,WWEST-F4X-01101,cylinder,F4,POST-TIMEOUT,genuine,1,gmc/results/aerial3dg/f5/fig/WWEST-F4X-01101_cylinder.png,"120 s alarm inside shortcut (post-processing: shortcut 48 accepts 116 s, tighten 433 accepts 4 s); verdict-only UNKNOWN in 1.1 s; 60 s post budget -> REACHABLE",,
WWEST-F4X-01116/cylinder,WWEST-F4X-01116,cylinder,F4,POST-TIMEOUT,genuine,1,gmc/results/aerial3dg/f5/fig/WWEST-F4X-01116_cylinder.png,"120 s alarm inside shortcut (post-processing: shortcut 95 accepts 115 s, tighten 441 accepts 4 s); verdict-only UNKNOWN in 1.0 s; 60 s post budget -> REACHABLE",,
WWEST-F4X-01118/cylinder,WWEST-F4X-01118,cylinder,F4,POST-TIMEOUT,genuine,1,gmc/results/aerial3dg/f5/fig/WWEST-F4X-01118_cylinder.png,"120 s alarm inside shortcut (post-processing: shortcut 38 accepts 116 s, tighten 222 accepts 3 s); verdict-only UNKNOWN in 0.2 s; 60 s post budget -> UNKNOWN",,
WWEST-F4X-01129/cylinder,WWEST-F4X-01129,cylinder,F4,POST-TIMEOUT,genuine,1,gmc/results/aerial3dg/f5/fig/WWEST-F4X-01129_cylinder.png,120 s alarm inside shortcut (post-processing: shortcut 54 accepts 118 s); verdict-only REACHABLE in 1.9 s; 60 s post budget -> REACHABLE,,
WWEST-F4X-01143/cylinder,WWEST-F4X-01143,cylinder,F4,POST-TIMEOUT,genuine,1,gmc/results/aerial3dg/f5/fig/WWEST-F4X-01143_cylinder.png,120 s alarm inside shortcut (post-processing: shortcut 68 accepts 119 s); verdict-only REACHABLE in 1.2 s; 60 s post budget -> REACHABLE,,
WWEST-F4X-01146/cylinder,WWEST-F4X-01146,cylinder,F4,POST-TIMEOUT,genuine,1,gmc/results/aerial3dg/f5/fig/WWEST-F4X-01146_cylinder.png,120 s alarm inside shortcut (post-processing: shortcut 49 accepts 119 s); verdict-only REACHABLE in 1.7 s; 60 s post budget -> REACHABLE,,
WWEST-F4X-01150/cylinder,WWEST-F4X-01150,cylinder,F4,POST-TIMEOUT,genuine,1,gmc/results/aerial3dg/f5/fig/WWEST-F4X-01150_cylinder.png,"120 s alarm inside shortcut (post-processing: shortcut 118 accepts 111 s, tighten 556 accepts 8 s); verdict-only REACHABLE in 2.1 s; 60 s post budget -> REACHABLE",,
WWEST-F4X-01240/cylinder,WWEST-F4X-01240,cylinder,F4,POST-TIMEOUT,genuine,1,gmc/results/aerial3dg/f5/fig/WWEST-F4X-01240_cylinder.png,"120 s alarm inside shortcut (post-processing: shortcut 51 accepts 115 s, tighten 559 accepts 5 s); verdict-only REACHABLE in 1.8 s; 60 s post budget -> REACHABLE",,
WWEST-F4X-01245/cylinder,WWEST-F4X-01245,cylinder,F4,POST-TIMEOUT,genuine,1,gmc/results/aerial3dg/f5/fig/WWEST-F4X-01245_cylinder.png,"120 s alarm inside shortcut (post-processing: shortcut 96 accepts 102 s, tighten 387 accepts 18 s); verdict-only UNKNOWN in 0.9 s; 60 s post budget -> REACHABLE",,
WWEST-F4X-01246/cylinder,WWEST-F4X-01246,cylinder,F4,POST-TIMEOUT,genuine,1,gmc/results/aerial3dg/f5/fig/WWEST-F4X-01246_cylinder.png,"120 s alarm inside shortcut (post-processing: shortcut 184 accepts 115 s, tighten 498 accepts 4 s); verdict-only REACHABLE in 0.9 s; 60 s post budget -> REACHABLE",,
WWEST-F4X-01255/cylinder,WWEST-F4X-01255,cylinder,F4,POST-TIMEOUT,genuine,1,gmc/results/aerial3dg/f5/fig/WWEST-F4X-01255_cylinder.png,"120 s alarm inside shortcut (post-processing: shortcut 106 accepts 110 s, tighten 401 accepts 9 s); verdict-only REACHABLE in 1.0 s; 60 s post budget -> REACHABLE",,
WWEST-F4X-01258/cylinder,WWEST-F4X-01258,cylinder,F4,POST-TIMEOUT,genuine,1,gmc/results/aerial3dg/f5/fig/WWEST-F4X-01258_cylinder.png,"120 s alarm inside tighten (post-processing: shortcut 52 accepts 89 s, tighten 366 accepts 31 s); verdict-only REACHABLE in 2.2 s; 60 s post budget -> REACHABLE",,
WWEST-F4X-01270/cylinder,WWEST-F4X-01270,cylinder,F4,POST-TIMEOUT,genuine,1,gmc/results/aerial3dg/f5/fig/WWEST-F4X-01270_cylinder.png,"120 s alarm inside shortcut (post-processing: shortcut 115 accepts 115 s, tighten 504 accepts 4 s); verdict-only REACHABLE in 0.9 s; 60 s post budget -> REACHABLE",,
WWEST-F4X-01273/cylinder,WWEST-F4X-01273,cylinder,F4,POST-TIMEOUT,genuine,1,gmc/results/aerial3dg/f5/fig/WWEST-F4X-01273_cylinder.png,120 s alarm inside shortcut (post-processing: shortcut 79 accepts 119 s); verdict-only UNKNOWN in 1.4 s; 60 s post budget -> REACHABLE,,
WWEST-F4X-01281/cylinder,WWEST-F4X-01281,cylinder,F4,POST-TIMEOUT,genuine,1,gmc/results/aerial3dg/f5/fig/WWEST-F4X-01281_cylinder.png,120 s alarm inside shortcut (post-processing: shortcut 18 accepts 120 s); verdict-only UNKNOWN in 0.5 s; 60 s post budget -> REACHABLE,,
WWEST-F4X-01325/cylinder,WWEST-F4X-01325,cylinder,F4,POST-TIMEOUT,genuine,1,gmc/results/aerial3dg/f5/fig/WWEST-F4X-01325_cylinder.png,120 s alarm inside shortcut (post-processing: shortcut 33 accepts 118 s); verdict-only REACHABLE in 2.0 s; 60 s post budget -> REACHABLE,,
WWEST-F4X-01364/cylinder,WWEST-F4X-01364,cylinder,F4,POST-TIMEOUT,genuine,1,gmc/results/aerial3dg/f5/fig/WWEST-F4X-01364_cylinder.png,120 s alarm inside shortcut (post-processing: shortcut 40 accepts 118 s); verdict-only REACHABLE in 2.6 s; 60 s post budget -> REACHABLE,,
WWEST-F4X-01369/cylinder,WWEST-F4X-01369,cylinder,F4,POST-TIMEOUT,genuine,1,gmc/results/aerial3dg/f5/fig/WWEST-F4X-01369_cylinder.png,"120 s alarm inside shortcut (post-processing: shortcut 153 accepts 112 s, tighten 514 accepts 7 s); verdict-only REACHABLE in 1.2 s; 60 s post budget -> REACHABLE",,
WWEST-F4X-01373/cylinder,WWEST-F4X-01373,cylinder,F4,POST-TIMEOUT,genuine,1,gmc/results/aerial3dg/f5/fig/WWEST-F4X-01373_cylinder.png,120 s alarm inside shortcut (post-processing: shortcut 41 accepts 118 s); verdict-only UNKNOWN in 2.4 s; 60 s post budget -> REACHABLE,,
WWEST-F4X-01389/cylinder,WWEST-F4X-01389,cylinder,F4,POST-TIMEOUT,genuine,1,gmc/results/aerial3dg/f5/fig/WWEST-F4X-01389_cylinder.png,120 s alarm inside shortcut (post-processing: shortcut 6 accepts 119 s); verdict-only REACHABLE in 1.2 s; 60 s post budget -> REACHABLE,,
WWEST-F4X-01392/cylinder,WWEST-F4X-01392,cylinder,F4,POST-TIMEOUT,genuine,1,gmc/results/aerial3dg/f5/fig/WWEST-F4X-01392_cylinder.png,"120 s alarm inside shortcut (post-processing: shortcut 65 accepts 112 s, tighten 557 accepts 7 s); verdict-only UNKNOWN in 1.0 s; 60 s post budget -> REACHABLE",,
WWEST-F4X-01403/cylinder,WWEST-F4X-01403,cylinder,F4,POST-TIMEOUT,genuine,1,gmc/results/aerial3dg/f5/fig/WWEST-F4X-01403_cylinder.png,"120 s alarm inside shortcut (post-processing: shortcut 40 accepts 115 s, tighten 490 accepts 5 s); verdict-only REACHABLE in 1.2 s; 60 s post budget -> REACHABLE",,
WWEST-F4X-01424/cylinder,WWEST-F4X-01424,cylinder,F4,POST-TIMEOUT,genuine,1,gmc/results/aerial3dg/f5/fig/WWEST-F4X-01424_cylinder.png,120 s alarm inside shortcut (post-processing: shortcut 87 accepts 119 s); verdict-only UNKNOWN in 1.7 s; 60 s post budget -> REACHABLE,,
WWEST-F4X-01425/cylinder,WWEST-F4X-01425,cylinder,F4,POST-TIMEOUT,genuine,1,gmc/results/aerial3dg/f5/fig/WWEST-F4X-01425_cylinder.png,"120 s alarm inside shortcut (post-processing: shortcut 108 accepts 117 s, tighten 269 accepts 3 s); verdict-only REACHABLE in 2.6 s; 60 s post budget -> REACHABLE",,
WWEST-F4X-01437/cylinder,WWEST-F4X-01437,cylinder,F4,POST-TIMEOUT,genuine,1,gmc/results/aerial3dg/f5/fig/WWEST-F4X-01437_cylinder.png,"120 s alarm inside shortcut (post-processing: shortcut 126 accepts 96 s, tighten 472 accepts 24 s); verdict-only UNKNOWN in 2.3 s; 60 s post budget -> REACHABLE",,
WWEST-F4X-01438/cylinder,WWEST-F4X-01438,cylinder,F4,POST-TIMEOUT,genuine,1,gmc/results/aerial3dg/f5/fig/WWEST-F4X-01438_cylinder.png,120 s alarm inside shortcut (post-processing: shortcut 55 accepts 120 s); verdict-only UNKNOWN in 0.5 s; 60 s post budget -> REACHABLE,,
WWEST-F4X-01439/cylinder,WWEST-F4X-01439,cylinder,F4,POST-TIMEOUT,genuine,1,gmc/results/aerial3dg/f5/fig/WWEST-F4X-01439_cylinder.png,"120 s alarm inside shortcut (post-processing: shortcut 76 accepts 113 s, tighten 493 accepts 7 s); verdict-only UNKNOWN in 0.6 s; 60 s post budget -> REACHABLE",,
WWEST-F4X-01440/cylinder,WWEST-F4X-01440,cylinder,F4,POST-TIMEOUT,genuine,1,gmc/results/aerial3dg/f5/fig/WWEST-F4X-01440_cylinder.png,120 s alarm inside shortcut (post-processing: shortcut 53 accepts 119 s); verdict-only REACHABLE in 1.5 s; 60 s post budget -> REACHABLE,,
WWEST-F4X-01442/cylinder,WWEST-F4X-01442,cylinder,F4,POST-TIMEOUT,genuine,1,gmc/results/aerial3dg/f5/fig/WWEST-F4X-01442_cylinder.png,"120 s alarm inside shortcut (post-processing: shortcut 49 accepts 115 s, tighten 363 accepts 5 s); verdict-only UNKNOWN in 0.5 s; 60 s post budget -> REACHABLE",,
WWEST-F4X-01450/cylinder,WWEST-F4X-01450,cylinder,F4,POST-TIMEOUT,genuine,1,gmc/results/aerial3dg/f5/fig/WWEST-F4X-01450_cylinder.png,"120 s alarm inside shortcut (post-processing: shortcut 72 accepts 114 s, tighten 507 accepts 5 s); verdict-only UNKNOWN in 2.2 s; 60 s post budget -> REACHABLE",,
WWEST-F4X-01464/cylinder,WWEST-F4X-01464,cylinder,F4,POST-TIMEOUT,genuine,1,gmc/results/aerial3dg/f5/fig/WWEST-F4X-01464_cylinder.png,"120 s alarm inside shortcut (post-processing: shortcut 80 accepts 114 s, tighten 529 accepts 6 s); verdict-only UNKNOWN in 0.5 s; 60 s post budget -> REACHABLE",,
WWEST-F4X-01479/cylinder,WWEST-F4X-01479,cylinder,F4,POST-TIMEOUT,genuine,1,gmc/results/aerial3dg/f5/fig/WWEST-F4X-01479_cylinder.png,"120 s alarm inside shortcut (post-processing: shortcut 108 accepts 109 s, tighten 818 accepts 10 s); verdict-only REACHABLE in 1.6 s; 60 s post budget -> REACHABLE",,
WWEST-F4X-01482/cylinder,WWEST-F4X-01482,cylinder,F4,POST-TIMEOUT,genuine,1,gmc/results/aerial3dg/f5/fig/WWEST-F4X-01482_cylinder.png,"120 s alarm inside shortcut (post-processing: shortcut 69 accepts 115 s, tighten 501 accepts 5 s); verdict-only REACHABLE in 0.5 s; 60 s post budget -> REACHABLE",,
WWEST-F4X-01508/cylinder,WWEST-F4X-01508,cylinder,F4,POST-TIMEOUT,genuine,1,gmc/results/aerial3dg/f5/fig/WWEST-F4X-01508_cylinder.png,"120 s alarm inside shortcut (post-processing: shortcut 42 accepts 116 s, tighten 433 accepts 3 s); verdict-only REACHABLE in 1.5 s; 60 s post budget -> REACHABLE",,
WWEST-F4X-01522/cylinder,WWEST-F4X-01522,cylinder,F4,POST-TIMEOUT,genuine,1,gmc/results/aerial3dg/f5/fig/WWEST-F4X-01522_cylinder.png,"120 s alarm inside shortcut (post-processing: shortcut 140 accepts 94 s, tighten 535 accepts 25 s); verdict-only UNKNOWN in 2.4 s; 60 s post budget -> REACHABLE",,
WWEST-F4X-01535/cylinder,WWEST-F4X-01535,cylinder,F4,POST-TIMEOUT,genuine,1,gmc/results/aerial3dg/f5/fig/WWEST-F4X-01535_cylinder.png,"120 s alarm inside shortcut (post-processing: shortcut 66 accepts 104 s, tighten 579 accepts 16 s); verdict-only REACHABLE in 2.5 s; 60 s post budget -> REACHABLE",,
WWEST-F4X-01542/cylinder,WWEST-F4X-01542,cylinder,F4,POST-TIMEOUT,genuine,1,gmc/results/aerial3dg/f5/fig/WWEST-F4X-01542_cylinder.png,"120 s alarm inside tighten (post-processing: shortcut 74 accepts 113 s, tighten 345 accepts 6 s); verdict-only REACHABLE in 1.5 s; 60 s post budget -> REACHABLE",,
WWEST-F4X-01544/cylinder,WWEST-F4X-01544,cylinder,F4,POST-TIMEOUT,genuine,1,gmc/results/aerial3dg/f5/fig/WWEST-F4X-01544_cylinder.png,"120 s alarm inside shortcut (post-processing: shortcut 78 accepts 109 s, tighten 382 accepts 10 s); verdict-only REACHABLE in 1.2 s; 60 s post budget -> REACHABLE",,
WWEST-F4X-01558/cylinder,WWEST-F4X-01558,cylinder,F4,POST-TIMEOUT,genuine,1,gmc/results/aerial3dg/f5/fig/WWEST-F4X-01558_cylinder.png,"re-query REACHABLE in 112 s (post-processing: shortcut 192 accepts 100 s, tighten 369 accepts 11 s, merge_corners 41 accepts 1 s); verdict-only REACHABLE in 1.2 s; 60 s post budget -> REACHABLE",,
WWEST-F4X-01571/cylinder,WWEST-F4X-01571,cylinder,F4,POST-TIMEOUT,genuine,1,gmc/results/aerial3dg/f5/fig/WWEST-F4X-01571_cylinder.png,"120 s alarm inside shortcut (post-processing: shortcut 101 accepts 108 s, tighten 324 accepts 11 s); verdict-only UNKNOWN in 2.0 s; 60 s post budget -> REACHABLE",,
WWEST-F4X-01577/cylinder,WWEST-F4X-01577,cylinder,F4,POST-TIMEOUT,genuine,1,gmc/results/aerial3dg/f5/fig/WWEST-F4X-01577_cylinder.png,"120 s alarm inside shortcut (post-processing: shortcut 105 accepts 115 s, tighten 369 accepts 4 s); verdict-only REACHABLE in 1.0 s; 60 s post budget -> REACHABLE",,
WWEST-F4X-01602/cylinder,WWEST-F4X-01602,cylinder,F4,POST-TIMEOUT,genuine,1,gmc/results/aerial3dg/f5/fig/WWEST-F4X-01602_cylinder.png,"120 s alarm inside shortcut (post-processing: shortcut 95 accepts 116 s, tighten 349 accepts 3 s); verdict-only REACHABLE in 0.5 s; 60 s post budget -> REACHABLE",,
WWEST-F4X-01606/cylinder,WWEST-F4X-01606,cylinder,F4,POST-TIMEOUT,genuine,1,gmc/results/aerial3dg/f5/fig/WWEST-F4X-01606_cylinder.png,"120 s alarm inside shortcut (post-processing: shortcut 73 accepts 117 s, tighten 333 accepts 3 s); verdict-only REACHABLE in 1.9 s; 60 s post budget -> REACHABLE",,
WWEST-F4X-01619/cylinder,WWEST-F4X-01619,cylinder,F4,POST-TIMEOUT,genuine,1,gmc/results/aerial3dg/f5/fig/WWEST-F4X-01619_cylinder.png,"120 s alarm inside shortcut (post-processing: shortcut 72 accepts 103 s, tighten 505 accepts 17 s); verdict-only UNKNOWN in 1.7 s; 60 s post budget -> REACHABLE",,
WWEST-F4X-01620/cylinder,WWEST-F4X-01620,cylinder,F4,POST-TIMEOUT,genuine,1,gmc/results/aerial3dg/f5/fig/WWEST-F4X-01620_cylinder.png,"120 s alarm inside shortcut (post-processing: shortcut 126 accepts 117 s, tighten 308 accepts 3 s); verdict-only UNKNOWN in 0.6 s; 60 s post budget -> REACHABLE",,
WWEST-F4X-01645/cylinder,WWEST-F4X-01645,cylinder,F4,POST-TIMEOUT,genuine,1,gmc/results/aerial3dg/f5/fig/WWEST-F4X-01645_cylinder.png,120 s alarm inside shortcut (post-processing: shortcut 77 accepts 119 s); verdict-only REACHABLE in 1.6 s; 60 s post budget -> REACHABLE,,
WWEST-F4X-01647/cylinder,WWEST-F4X-01647,cylinder,F4,POST-TIMEOUT,genuine,1,gmc/results/aerial3dg/f5/fig/WWEST-F4X-01647_cylinder.png,"120 s alarm inside tighten (post-processing: shortcut 46 accepts 118 s, tighten 141 accepts 2 s); verdict-only REACHABLE in 0.4 s; 60 s post budget -> REACHABLE",,
WWEST-F4X-01650/cylinder,WWEST-F4X-01650,cylinder,F4,POST-TIMEOUT,genuine,1,gmc/results/aerial3dg/f5/fig/WWEST-F4X-01650_cylinder.png,"120 s alarm inside shortcut (post-processing: shortcut 98 accepts 113 s, tighten 557 accepts 5 s); verdict-only REACHABLE in 1.1 s; 60 s post budget -> REACHABLE",,
WWEST-F4X-01657/cylinder,WWEST-F4X-01657,cylinder,F4,POST-TIMEOUT,genuine,1,gmc/results/aerial3dg/f5/fig/WWEST-F4X-01657_cylinder.png,"120 s alarm inside shortcut (post-processing: shortcut 178 accepts 112 s, tighten 733 accepts 7 s); verdict-only REACHABLE in 1.2 s; 60 s post budget -> REACHABLE",,
WWEST-F4X-01662/cylinder,WWEST-F4X-01662,cylinder,F4,POST-TIMEOUT,genuine,1,gmc/results/aerial3dg/f5/fig/WWEST-F4X-01662_cylinder.png,"120 s alarm inside shortcut (post-processing: shortcut 87 accepts 119 s, tighten 128 accepts 1 s); verdict-only REACHABLE in 0.6 s; 60 s post budget -> REACHABLE",,
WWEST-F4X-01692/cylinder,WWEST-F4X-01692,cylinder,F4,POST-TIMEOUT,genuine,1,gmc/results/aerial3dg/f5/fig/WWEST-F4X-01692_cylinder.png,120 s alarm inside shortcut (post-processing: shortcut 57 accepts 119 s); verdict-only REACHABLE in 1.1 s; 60 s post budget -> REACHABLE,,
WWEST-F4X-01701/cylinder,WWEST-F4X-01701,cylinder,F4,POST-TIMEOUT,genuine,1,gmc/results/aerial3dg/f5/fig/WWEST-F4X-01701_cylinder.png,120 s alarm inside shortcut (post-processing: shortcut 27 accepts 119 s); verdict-only REACHABLE in 1.3 s; 60 s post budget -> REACHABLE,,
WWEST-F4X-01707/cylinder,WWEST-F4X-01707,cylinder,F4,POST-TIMEOUT,genuine,1,gmc/results/aerial3dg/f5/fig/WWEST-F4X-01707_cylinder.png,120 s alarm inside shortcut (post-processing: shortcut 87 accepts 120 s); verdict-only UNKNOWN in 0.5 s; 60 s post budget -> REACHABLE,,
WWEST-F4X-01719/cylinder,WWEST-F4X-01719,cylinder,F4,POST-TIMEOUT,genuine,1,gmc/results/aerial3dg/f5/fig/WWEST-F4X-01719_cylinder.png,"120 s alarm inside shortcut (post-processing: shortcut 171 accepts 116 s, tighten 387 accepts 3 s); verdict-only REACHABLE in 1.1 s; 60 s post budget -> REACHABLE",,
WWEST-F4X-01722/cylinder,WWEST-F4X-01722,cylinder,F4,POST-TIMEOUT,genuine,1,gmc/results/aerial3dg/f5/fig/WWEST-F4X-01722_cylinder.png,120 s alarm inside shortcut (post-processing: shortcut 51 accepts 120 s); verdict-only UNKNOWN in 0.4 s; 60 s post budget -> REACHABLE,,
WWEST-F4X-01731/cylinder,WWEST-F4X-01731,cylinder,F4,POST-TIMEOUT,genuine,1,gmc/results/aerial3dg/f5/fig/WWEST-F4X-01731_cylinder.png,"120 s alarm inside after_merge_corners (post-processing: shortcut 101 accepts 103 s, tighten 316 accepts 16 s, merge_corners 32 accepts 1 s); verdict-only REACHABLE in 1.8 s; 60 s post budget -> REACHABLE",,
WWEST-F4X-01740/cylinder,WWEST-F4X-01740,cylinder,F4,POST-TIMEOUT,genuine,1,gmc/results/aerial3dg/f5/fig/WWEST-F4X-01740_cylinder.png,"120 s alarm inside shortcut (post-processing: shortcut 411 accepts 112 s, tighten 828 accepts 6 s); verdict-only REACHABLE in 2.0 s; 60 s post budget -> REACHABLE",,
WWEST-F4X-01747/cylinder,WWEST-F4X-01747,cylinder,F4,POST-TIMEOUT,genuine,1,gmc/results/aerial3dg/f5/fig/WWEST-F4X-01747_cylinder.png,"re-query REACHABLE in 104 s (post-processing: shortcut 243 accepts 98 s, tighten 491 accepts 4 s, merge_corners 16 accepts 0 s); verdict-only REACHABLE in 0.7 s; 60 s post budget -> REACHABLE",,
WWEST-F4X-01772/cylinder,WWEST-F4X-01772,cylinder,F4,POST-TIMEOUT,genuine,1,gmc/results/aerial3dg/f5/fig/WWEST-F4X-01772_cylinder.png,"120 s alarm inside shortcut (post-processing: shortcut 105 accepts 115 s, tighten 472 accepts 4 s); verdict-only UNKNOWN in 1.1 s; 60 s post budget -> REACHABLE",,
WWEST-F4X-01789/cylinder,WWEST-F4X-01789,cylinder,F4,POST-TIMEOUT,genuine,1,gmc/results/aerial3dg/f5/fig/WWEST-F4X-01789_cylinder.png,"re-query REACHABLE in 104 s (post-processing: shortcut 183 accepts 87 s, tighten 403 accepts 7 s, merge_corners 58 accepts 9 s); verdict-only REACHABLE in 1.0 s; 60 s post budget -> REACHABLE",,
WWEST-F4X-01798/cylinder,WWEST-F4X-01798,cylinder,F4,POST-TIMEOUT,genuine,1,gmc/results/aerial3dg/f5/fig/WWEST-F4X-01798_cylinder.png,"120 s alarm inside shortcut (post-processing: shortcut 67 accepts 110 s, tighten 410 accepts 10 s); verdict-only REACHABLE in 0.8 s; 60 s post budget -> REACHABLE",,
WWEST-F4X-01806/cylinder,WWEST-F4X-01806,cylinder,F4,POST-TIMEOUT,genuine,1,gmc/results/aerial3dg/f5/fig/WWEST-F4X-01806_cylinder.png,"120 s alarm inside shortcut (post-processing: shortcut 145 accepts 116 s, tighten 354 accepts 4 s); verdict-only UNKNOWN in 3.6 s; 60 s post budget -> REACHABLE",,
WWEST-F4X-01827/cylinder,WWEST-F4X-01827,cylinder,F4,POST-TIMEOUT,genuine,1,gmc/results/aerial3dg/f5/fig/WWEST-F4X-01827_cylinder.png,"120 s alarm inside shortcut (post-processing: shortcut 61 accepts 116 s, tighten 510 accepts 4 s); verdict-only UNKNOWN in 0.8 s; 60 s post budget -> REACHABLE",,
WWEST-F4X-01857/cylinder,WWEST-F4X-01857,cylinder,F4,POST-TIMEOUT,genuine,1,gmc/results/aerial3dg/f5/fig/WWEST-F4X-01857_cylinder.png,"120 s alarm inside shortcut (post-processing: shortcut 124 accepts 114 s, tighten 505 accepts 4 s); verdict-only REACHABLE in 1.7 s; 60 s post budget -> REACHABLE",,
WWEST-F4X-01869/cylinder,WWEST-F4X-01869,cylinder,F4,POST-TIMEOUT,genuine,1,gmc/results/aerial3dg/f5/fig/WWEST-F4X-01869_cylinder.png,120 s alarm inside shortcut (post-processing: shortcut 58 accepts 120 s); verdict-only REACHABLE in 0.5 s; 60 s post budget -> REACHABLE,,
WWEST-F4X-01904/cylinder,WWEST-F4X-01904,cylinder,F4,POST-TIMEOUT,genuine,1,gmc/results/aerial3dg/f5/fig/WWEST-F4X-01904_cylinder.png,"120 s alarm inside shortcut (post-processing: shortcut 60 accepts 101 s, tighten 362 accepts 18 s); verdict-only UNKNOWN in 1.3 s; 60 s post budget -> REACHABLE",,
WWEST-F4X-01928/cylinder,WWEST-F4X-01928,cylinder,F4,POST-TIMEOUT,genuine,1,gmc/results/aerial3dg/f5/fig/WWEST-F4X-01928_cylinder.png,120 s alarm inside shortcut (post-processing: shortcut 62 accepts 119 s); verdict-only UNKNOWN in 1.3 s; 60 s post budget -> REACHABLE,,
WWEST-F4X-01967/cylinder,WWEST-F4X-01967,cylinder,F4,POST-TIMEOUT,genuine,1,gmc/results/aerial3dg/f5/fig/WWEST-F4X-01967_cylinder.png,"120 s alarm inside shortcut (post-processing: shortcut 65 accepts 114 s, tighten 465 accepts 5 s); verdict-only REACHABLE in 1.1 s; 60 s post budget -> REACHABLE",,
WWEST-F4X-01970/cylinder,WWEST-F4X-01970,cylinder,F4,POST-TIMEOUT,genuine,1,gmc/results/aerial3dg/f5/fig/WWEST-F4X-01970_cylinder.png,"120 s alarm inside shortcut (post-processing: shortcut 156 accepts 113 s, tighten 536 accepts 7 s); verdict-only UNKNOWN in 1.1 s; 60 s post budget -> REACHABLE",,
WWEST-F4X-01982/cylinder,WWEST-F4X-01982,cylinder,F4,POST-TIMEOUT,genuine,1,gmc/results/aerial3dg/f5/fig/WWEST-F4X-01982_cylinder.png,"120 s alarm inside shortcut (post-processing: shortcut 71 accepts 115 s, tighten 387 accepts 4 s); verdict-only REACHABLE in 0.9 s; 60 s post budget -> REACHABLE",,
WWEST-F4X-01988/cylinder,WWEST-F4X-01988,cylinder,F4,POST-TIMEOUT,genuine,1,gmc/results/aerial3dg/f5/fig/WWEST-F4X-01988_cylinder.png,"120 s alarm inside shortcut (post-processing: shortcut 171 accepts 116 s, tighten 373 accepts 3 s); verdict-only UNKNOWN in 1.1 s; 60 s post budget -> REACHABLE",,
WWEST-F4X-02000/cylinder,WWEST-F4X-02000,cylinder,F4,POST-TIMEOUT,genuine,1,gmc/results/aerial3dg/f5/fig/WWEST-F4X-02000_cylinder.png,"120 s alarm inside shortcut (post-processing: shortcut 63 accepts 105 s, tighten 383 accepts 14 s); verdict-only REACHABLE in 2.0 s; 60 s post budget -> REACHABLE",,
WWEST-F4X-02002/cylinder,WWEST-F4X-02002,cylinder,F4,POST-TIMEOUT,genuine,1,gmc/results/aerial3dg/f5/fig/WWEST-F4X-02002_cylinder.png,"120 s alarm inside shortcut (post-processing: shortcut 119 accepts 117 s, tighten 286 accepts 3 s); verdict-only UNKNOWN in 2.0 s; 60 s post budget -> REACHABLE",,
WWEST-F4X-02012/cylinder,WWEST-F4X-02012,cylinder,F4,POST-TIMEOUT,genuine,1,gmc/results/aerial3dg/f5/fig/WWEST-F4X-02012_cylinder.png,"120 s alarm inside shortcut (post-processing: shortcut 415 accepts 110 s, tighten 572 accepts 9 s); verdict-only UNKNOWN in 3.0 s; 60 s post budget -> REACHABLE",,
WWEST-F4X-02014/cylinder,WWEST-F4X-02014,cylinder,F4,POST-TIMEOUT,genuine,1,gmc/results/aerial3dg/f5/fig/WWEST-F4X-02014_cylinder.png,120 s alarm inside shortcut (post-processing: shortcut 55 accepts 119 s); verdict-only REACHABLE in 1.1 s; 60 s post budget -> REACHABLE,,
WWEST-F4X-02032/cylinder,WWEST-F4X-02032,cylinder,F4,POST-TIMEOUT,genuine,1,gmc/results/aerial3dg/f5/fig/WWEST-F4X-02032_cylinder.png,120 s alarm inside shortcut (post-processing: shortcut 58 accepts 119 s); verdict-only UNKNOWN in 1.3 s; 60 s post budget -> REACHABLE,,
WWEST-F4X-02043/cylinder,WWEST-F4X-02043,cylinder,F4,POST-TIMEOUT,genuine,1,gmc/results/aerial3dg/f5/fig/WWEST-F4X-02043_cylinder.png,"120 s alarm inside shortcut (post-processing: shortcut 62 accepts 108 s, tighten 553 accepts 12 s); verdict-only REACHABLE in 0.9 s; 60 s post budget -> REACHABLE",,
WWEST-F4X-02055/cylinder,WWEST-F4X-02055,cylinder,F4,POST-TIMEOUT,genuine,1,gmc/results/aerial3dg/f5/fig/WWEST-F4X-02055_cylinder.png,"re-query REACHABLE in 117 s (post-processing: shortcut 101 accepts 98 s, tighten 350 accepts 14 s, merge_corners 22 accepts 3 s); verdict-only REACHABLE in 0.8 s; 60 s post budget -> REACHABLE",,
WWEST-F4X-02057/cylinder,WWEST-F4X-02057,cylinder,F4,POST-TIMEOUT,genuine,1,gmc/results/aerial3dg/f5/fig/WWEST-F4X-02057_cylinder.png,"120 s alarm inside shortcut (post-processing: shortcut 70 accepts 112 s, tighten 316 accepts 6 s); verdict-only REACHABLE in 2.3 s; 60 s post budget -> REACHABLE",,
WWEST-F4X-02061/cylinder,WWEST-F4X-02061,cylinder,F4,POST-TIMEOUT,genuine,1,gmc/results/aerial3dg/f5/fig/WWEST-F4X-02061_cylinder.png,"re-query REACHABLE in 113 s (post-processing: shortcut 228 accepts 88 s, tighten 412 accepts 4 s, merge_corners 29 accepts 20 s); verdict-only UNKNOWN in 0.3 s; 60 s post budget -> REACHABLE",,
WWEST-F4X-02088/cylinder,WWEST-F4X-02088,cylinder,F4,POST-TIMEOUT,genuine,1,gmc/results/aerial3dg/f5/fig/WWEST-F4X-02088_cylinder.png,120 s alarm inside shortcut (post-processing: shortcut 59 accepts 119 s); verdict-only REACHABLE in 1.2 s; 60 s post budget -> REACHABLE,,
WWEST-F4X-02093/cylinder,WWEST-F4X-02093,cylinder,F4,POST-TIMEOUT,genuine,1,gmc/results/aerial3dg/f5/fig/WWEST-F4X-02093_cylinder.png,"120 s alarm inside shortcut (post-processing: shortcut 209 accepts 116 s, tighten 476 accepts 4 s); verdict-only UNKNOWN in 0.4 s; 60 s post budget -> REACHABLE",,
WWEST-F4X-02104/cylinder,WWEST-F4X-02104,cylinder,F4,POST-TIMEOUT,genuine,1,gmc/results/aerial3dg/f5/fig/WWEST-F4X-02104_cylinder.png,"120 s alarm inside merge_corners (post-processing: shortcut 217 accepts 113 s, tighten 336 accepts 2 s, merge_corners 4 accepts 5 s); verdict-only REACHABLE in 0.5 s; 60 s post budget -> REACHABLE",,
WWEST-F4X-02136/cylinder,WWEST-F4X-02136,cylinder,F4,POST-TIMEOUT,genuine,1,gmc/results/aerial3dg/f5/fig/WWEST-F4X-02136_cylinder.png,"120 s alarm inside shortcut (post-processing: shortcut 174 accepts 116 s, tighten 502 accepts 3 s); verdict-only REACHABLE in 0.8 s; 60 s post budget -> REACHABLE",,
WWEST-F4X-02144/cylinder,WWEST-F4X-02144,cylinder,F4,POST-TIMEOUT,genuine,1,gmc/results/aerial3dg/f5/fig/WWEST-F4X-02144_cylinder.png,"120 s alarm inside shortcut (post-processing: shortcut 66 accepts 115 s, tighten 485 accepts 4 s); verdict-only REACHABLE in 0.4 s; 60 s post budget -> REACHABLE",,
WWEST-F4X-02159/cylinder,WWEST-F4X-02159,cylinder,F4,POST-TIMEOUT,genuine,1,gmc/results/aerial3dg/f5/fig/WWEST-F4X-02159_cylinder.png,"re-query REACHABLE in 108 s (post-processing: shortcut 97 accepts 97 s, tighten 193 accepts 2 s, merge_corners 7 accepts 6 s); verdict-only REACHABLE in 2.4 s; 60 s post budget -> REACHABLE",,
WWEST-F4X-02193/cylinder,WWEST-F4X-02193,cylinder,F4,POST-TIMEOUT,genuine,1,gmc/results/aerial3dg/f5/fig/WWEST-F4X-02193_cylinder.png,"120 s alarm inside shortcut (post-processing: shortcut 69 accepts 102 s, tighten 707 accepts 18 s); verdict-only UNKNOWN in 2.0 s; 60 s post budget -> REACHABLE",,
WWEST-F4X-02195/cylinder,WWEST-F4X-02195,cylinder,F4,POST-TIMEOUT,genuine,1,gmc/results/aerial3dg/f5/fig/WWEST-F4X-02195_cylinder.png,"120 s alarm inside shortcut (post-processing: shortcut 260 accepts 113 s, tighten 747 accepts 6 s); verdict-only REACHABLE in 0.9 s; 60 s post budget -> REACHABLE",,
WWEST-F4X-02228/cylinder,WWEST-F4X-02228,cylinder,F4,POST-TIMEOUT,genuine,1,gmc/results/aerial3dg/f5/fig/WWEST-F4X-02228_cylinder.png,"120 s alarm inside shortcut (post-processing: shortcut 100 accepts 113 s, tighten 589 accepts 7 s); verdict-only UNKNOWN in 0.9 s; 60 s post budget -> REACHABLE",,
WWEST-F4X-02234/cylinder,WWEST-F4X-02234,cylinder,F4,POST-TIMEOUT,genuine,1,gmc/results/aerial3dg/f5/fig/WWEST-F4X-02234_cylinder.png,"120 s alarm inside shortcut (post-processing: shortcut 118 accepts 113 s, tighten 407 accepts 6 s); verdict-only REACHABLE in 2.1 s; 60 s post budget -> REACHABLE",,
WWEST-F4X-02236/cylinder,WWEST-F4X-02236,cylinder,F4,POST-TIMEOUT,genuine,1,gmc/results/aerial3dg/f5/fig/WWEST-F4X-02236_cylinder.png,"120 s alarm inside shortcut (post-processing: shortcut 106 accepts 114 s, tighten 501 accepts 5 s); verdict-only UNKNOWN in 0.8 s; 60 s post budget -> REACHABLE",,
WWEST-F4X-02275/cylinder,WWEST-F4X-02275,cylinder,F4,POST-TIMEOUT,genuine,1,gmc/results/aerial3dg/f5/fig/WWEST-F4X-02275_cylinder.png,120 s alarm inside shortcut (post-processing: shortcut 24 accepts 120 s); verdict-only UNKNOWN in 3.0 s; 60 s post budget -> REACHABLE,,
WWEST-F4X-02278/cylinder,WWEST-F4X-02278,cylinder,F4,POST-TIMEOUT,genuine,1,gmc/results/aerial3dg/f5/fig/WWEST-F4X-02278_cylinder.png,"120 s alarm inside shortcut (post-processing: shortcut 96 accepts 118 s, tighten 242 accepts 2 s); verdict-only UNKNOWN in 0.4 s; 60 s post budget -> UNKNOWN",,
WWEST-F4X-02286/cylinder,WWEST-F4X-02286,cylinder,F4,POST-TIMEOUT,genuine,1,gmc/results/aerial3dg/f5/fig/WWEST-F4X-02286_cylinder.png,"120 s alarm inside shortcut (post-processing: shortcut 150 accepts 117 s, tighten 264 accepts 2 s); verdict-only REACHABLE in 0.8 s; 60 s post budget -> REACHABLE",,
WWEST-F4X-02291/cylinder,WWEST-F4X-02291,cylinder,F4,POST-TIMEOUT,genuine,1,gmc/results/aerial3dg/f5/fig/WWEST-F4X-02291_cylinder.png,"120 s alarm inside shortcut (post-processing: shortcut 87 accepts 114 s, tighten 606 accepts 5 s); verdict-only UNKNOWN in 0.6 s; 60 s post budget -> REACHABLE",,
WWEST-F4X-02322/cylinder,WWEST-F4X-02322,cylinder,F4,POST-TIMEOUT,genuine,1,gmc/results/aerial3dg/f5/fig/WWEST-F4X-02322_cylinder.png,"120 s alarm inside shortcut (post-processing: shortcut 74 accepts 112 s, tighten 324 accepts 7 s); verdict-only REACHABLE in 1.1 s; 60 s post budget -> REACHABLE",,
WWEST-F4X-02334/cylinder,WWEST-F4X-02334,cylinder,F4,POST-TIMEOUT,genuine,1,gmc/results/aerial3dg/f5/fig/WWEST-F4X-02334_cylinder.png,"120 s alarm inside shortcut (post-processing: shortcut 190 accepts 114 s, tighten 643 accepts 5 s); verdict-only REACHABLE in 1.2 s; 60 s post budget -> REACHABLE",,
WWEST-F4X-02353/cylinder,WWEST-F4X-02353,cylinder,F4,POST-TIMEOUT,genuine,1,gmc/results/aerial3dg/f5/fig/WWEST-F4X-02353_cylinder.png,"120 s alarm inside shortcut (post-processing: shortcut 134 accepts 112 s, tighten 223 accepts 7 s); verdict-only REACHABLE in 1.2 s; 60 s post budget -> REACHABLE",,
WWEST-F4X-02367/cylinder,WWEST-F4X-02367,cylinder,F4,POST-TIMEOUT,genuine,1,gmc/results/aerial3dg/f5/fig/WWEST-F4X-02367_cylinder.png,120 s alarm inside shortcut (post-processing: shortcut 46 accepts 120 s); verdict-only UNKNOWN in 0.6 s; 60 s post budget -> UNKNOWN,,
WWEST-F4X-02385/cylinder,WWEST-F4X-02385,cylinder,F4,POST-TIMEOUT,genuine,1,gmc/results/aerial3dg/f5/fig/WWEST-F4X-02385_cylinder.png,"120 s alarm inside shortcut (post-processing: shortcut 47 accepts 110 s, tighten 291 accepts 9 s); verdict-only UNKNOWN in 1.6 s; 60 s post budget -> REACHABLE",,
WWEST-F4X-02395/cylinder,WWEST-F4X-02395,cylinder,F4,POST-TIMEOUT,genuine,1,gmc/results/aerial3dg/f5/fig/WWEST-F4X-02395_cylinder.png,"120 s alarm inside shortcut (post-processing: shortcut 68 accepts 117 s, tighten 436 accepts 3 s); verdict-only UNKNOWN in 1.1 s; 60 s post budget -> REACHABLE",,
WWEST-F4X-02403/cylinder,WWEST-F4X-02403,cylinder,F4,POST-TIMEOUT,genuine,1,gmc/results/aerial3dg/f5/fig/WWEST-F4X-02403_cylinder.png,"120 s alarm inside tighten (post-processing: shortcut 80 accepts 115 s, tighten 443 accepts 4 s); verdict-only REACHABLE in 0.4 s; 60 s post budget -> UNKNOWN",,
WWEST-F4X-02405/cylinder,WWEST-F4X-02405,cylinder,F4,POST-TIMEOUT,genuine,1,gmc/results/aerial3dg/f5/fig/WWEST-F4X-02405_cylinder.png,"120 s alarm inside shortcut (post-processing: shortcut 90 accepts 113 s, tighten 512 accepts 6 s); verdict-only REACHABLE in 1.2 s; 60 s post budget -> REACHABLE",,
WWEST-F4X-02408/cylinder,WWEST-F4X-02408,cylinder,F4,POST-TIMEOUT,genuine,1,gmc/results/aerial3dg/f5/fig/WWEST-F4X-02408_cylinder.png,"120 s alarm inside shortcut (post-processing: shortcut 51 accepts 115 s, tighten 230 accepts 5 s); verdict-only UNKNOWN in 2.4 s; 60 s post budget -> REACHABLE",,
WWEST-F4X-02415/cylinder,WWEST-F4X-02415,cylinder,F4,POST-TIMEOUT,genuine,1,gmc/results/aerial3dg/f5/fig/WWEST-F4X-02415_cylinder.png,120 s alarm inside shortcut (post-processing: shortcut 67 accepts 119 s); verdict-only REACHABLE in 1.4 s; 60 s post budget -> REACHABLE,,
WWEST-F4X-02421/cylinder,WWEST-F4X-02421,cylinder,F4,POST-TIMEOUT,genuine,1,gmc/results/aerial3dg/f5/fig/WWEST-F4X-02421_cylinder.png,"120 s alarm inside shortcut (post-processing: shortcut 176 accepts 115 s, tighten 448 accepts 4 s); verdict-only REACHABLE in 0.9 s; 60 s post budget -> REACHABLE",,
WWEST-F4X-02422/cylinder,WWEST-F4X-02422,cylinder,F4,POST-TIMEOUT,genuine,1,gmc/results/aerial3dg/f5/fig/WWEST-F4X-02422_cylinder.png,"120 s alarm inside shortcut (post-processing: shortcut 227 accepts 101 s, tighten 460 accepts 19 s); verdict-only REACHABLE in 1.5 s; 60 s post budget -> REACHABLE",,
WWEST-F4X-02429/cylinder,WWEST-F4X-02429,cylinder,F4,POST-TIMEOUT,genuine,1,gmc/results/aerial3dg/f5/fig/WWEST-F4X-02429_cylinder.png,"120 s alarm inside merge_corners (post-processing: shortcut 347 accepts 90 s, tighten 716 accepts 8 s, merge_corners 18 accepts 21 s); verdict-only REACHABLE in 1.3 s; 60 s post budget -> REACHABLE",,
WWEST-F4X-02436/cylinder,WWEST-F4X-02436,cylinder,F4,POST-TIMEOUT,genuine,1,gmc/results/aerial3dg/f5/fig/WWEST-F4X-02436_cylinder.png,"120 s alarm inside shortcut (post-processing: shortcut 54 accepts 112 s, tighten 452 accepts 7 s); verdict-only REACHABLE in 0.9 s; 60 s post budget -> REACHABLE",,
WWEST-F4X-02466/cylinder,WWEST-F4X-02466,cylinder,F4,POST-TIMEOUT,genuine,1,gmc/results/aerial3dg/f5/fig/WWEST-F4X-02466_cylinder.png,120 s alarm inside shortcut (post-processing: shortcut 90 accepts 119 s); verdict-only REACHABLE in 1.0 s; 60 s post budget -> REACHABLE,,
WWEST-F4X-02478/cylinder,WWEST-F4X-02478,cylinder,F4,POST-TIMEOUT,genuine,1,gmc/results/aerial3dg/f5/fig/WWEST-F4X-02478_cylinder.png,"120 s alarm inside shortcut (post-processing: shortcut 366 accepts 115 s, tighten 540 accepts 4 s); verdict-only UNKNOWN in 1.4 s; 60 s post budget -> REACHABLE",,
WWEST-F4X-02482/cylinder,WWEST-F4X-02482,cylinder,F4,POST-TIMEOUT,genuine,1,gmc/results/aerial3dg/f5/fig/WWEST-F4X-02482_cylinder.png,"120 s alarm inside shortcut (post-processing: shortcut 32 accepts 77 s, tighten 555 accepts 42 s); verdict-only REACHABLE in 1.6 s; 60 s post budget -> UNKNOWN",,
WWEST-F4X-02484/cylinder,WWEST-F4X-02484,cylinder,F4,POST-TIMEOUT,genuine,1,gmc/results/aerial3dg/f5/fig/WWEST-F4X-02484_cylinder.png,"120 s alarm inside shortcut (post-processing: shortcut 59 accepts 99 s, tighten 581 accepts 21 s); verdict-only UNKNOWN in 2.4 s; 60 s post budget -> REACHABLE",,
WWEST-F4X-02454/cylinder,WWEST-F4X-02454,cylinder,F4,SIMPLIFY-ZERODIV,genuine,1,gmc/results/aerial3dg/f5/fig/WWEST-F4X-02454_cylinder.png,"lifted polyline has an a -> b -> a spike (|ab| = 4.5 nm, vertex 8), so ac.ac = 0 in simplify; guarded simplify -> REACHABLE",,
GAPW1-F4W-01351/cylinder,GAPW1-F4W-01351,cylinder,F4,EP-SLACK,genuine,1,gmc/results/aerial3dg/f5/fig/GAPW1-F4W-01351_cylinder.png,"start is 2.25 mm clear of floor splat 5337920 (2σ top 18.04 mm); GMC's refined gap 0.962 mm ≤ buffer 1 mm + slack -> no endpoint cell; clearance > margin + buffer, so the envelope gap is the conservative part",,
WWEST-F4X-02245/sweeper,WWEST-F4X-02245,sweeper,F4,EP-SLACK,genuine,1,gmc/results/aerial3dg/f5/fig/WWEST-F4X-02245_sweeper.png,"goal is 2.31 mm clear of floor splat 5337920 (2σ top 18.04 mm); GMC's refined gap 0.962 mm ≤ buffer 1 mm + slack -> no endpoint cell; clearance > margin + buffer, so the envelope gap is the conservative part",,
class:EP-FLOOR/cylinder,(all EP-FLOOR cylinder rows not shown),cylinder,F4,EP-FLOOR,by-tolerance,652,gmc/results/aerial3dg/f5/fig/overview/EP-FLOOR_cylinder.png,the endpoint is only 1-2 mm from a Gaussian below the chassis (809/832: a sub-floor splat); GMC needs margin + buffer = 2 mm to grow a certified endpoint cell (by design),,
class:EP-FLOOR/sweeper,(all EP-FLOOR sweeper rows not shown),sweeper,F4,EP-FLOOR,by-tolerance,176,gmc/results/aerial3dg/f5/fig/overview/EP-FLOOR_sweeper.png,the endpoint is only 1-2 mm from a Gaussian below the chassis (809/832: a sub-floor splat); GMC needs margin + buffer = 2 mm to grow a certified endpoint cell (by design),,
GAPW1-F4W-00012/sweeper,GAPW1-F4W-00012,sweeper,F4,EP-FLOOR,by-tolerance,1,gmc/results/aerial3dg/f5/fig/GAPW1-F4W-00012_sweeper.png,goal is 1.95 mm clear of floor splat 5337920 (2σ top 18.04 mm); GMC's refined gap 0.962 mm ≤ buffer 1 mm + slack -> no endpoint cell,,
GAPW1-F4W-00037/sweeper,GAPW1-F4W-00037,sweeper,F4,EP-FLOOR,by-tolerance,1,gmc/results/aerial3dg/f5/fig/GAPW1-F4W-00037_sweeper.png,start is 1.97 mm clear of floor splat 5496444 (2σ top 18.03 mm); GMC's refined gap 0.974 mm ≤ buffer 1 mm + slack -> no endpoint cell,,
GAPW1-F4W-00128/cylinder,GAPW1-F4W-00128,cylinder,F4,EP-FLOOR,by-tolerance,1,gmc/results/aerial3dg/f5/fig/GAPW1-F4W-00128_cylinder.png,goal is 1.07 mm clear of floor splat 5371715 (2σ top 18.92 mm); GMC's refined gap 0.077 mm ≤ buffer 1 mm + slack -> no endpoint cell,,
GAPW1-F4W-00172/cylinder,GAPW1-F4W-00172,cylinder,F4,EP-FLOOR,by-tolerance,1,gmc/results/aerial3dg/f5/fig/GAPW1-F4W-00172_cylinder.png,goal is 1.95 mm clear of floor splat 5337920 (2σ top 18.04 mm); GMC's refined gap 0.962 mm ≤ buffer 1 mm + slack -> no endpoint cell,,
GAPW1-F4W-00172/sweeper,GAPW1-F4W-00172,sweeper,F4,EP-FLOOR,by-tolerance,1,gmc/results/aerial3dg/f5/fig/GAPW1-F4W-00172_sweeper.png,goal is 1.95 mm clear of floor splat 5337920 (2σ top 18.04 mm); GMC's refined gap 0.962 mm ≤ buffer 1 mm + slack -> no endpoint cell,,
GAPW1-F4W-00243/cylinder,GAPW1-F4W-00243,cylinder,F4,EP-FLOOR,by-tolerance,1,gmc/results/aerial3dg/f5/fig/GAPW1-F4W-00243_cylinder.png,start is 1.97 mm clear of floor splat 5496444 (2σ top 18.03 mm); GMC's refined gap 0.974 mm ≤ buffer 1 mm + slack -> no endpoint cell,,
GAPW1-F4W-00341/sweeper,GAPW1-F4W-00341,sweeper,F4,EP-FLOOR,by-tolerance,1,gmc/results/aerial3dg/f5/fig/GAPW1-F4W-00341_sweeper.png,goal is 1.97 mm clear of floor splat 5496444 (2σ top 18.03 mm); GMC's refined gap 0.974 mm ≤ buffer 1 mm + slack -> no endpoint cell,,
GAPW1-F4W-00376/cylinder,GAPW1-F4W-00376,cylinder,F4,EP-FLOOR,by-tolerance,1,gmc/results/aerial3dg/f5/fig/GAPW1-F4W-00376_cylinder.png,goal is 1.99 mm clear of floor splat 5496444 (2σ top 18.03 mm); GMC's refined gap 0.993 mm ≤ buffer 1 mm + slack -> no endpoint cell,,
GAPW1-F4W-00382/sweeper,GAPW1-F4W-00382,sweeper,F4,EP-FLOOR,by-tolerance,1,gmc/results/aerial3dg/f5/fig/GAPW1-F4W-00382_sweeper.png,start is 1.25 mm clear of floor splat 5371648 (2σ top 18.75 mm); GMC's refined gap 0.255 mm ≤ buffer 1 mm + slack -> no endpoint cell,,
GAPW1-F4W-00453/sweeper,GAPW1-F4W-00453,sweeper,F4,EP-FLOOR,by-tolerance,1,gmc/results/aerial3dg/f5/fig/GAPW1-F4W-00453_sweeper.png,goal is 1.95 mm clear of floor splat 5337920 (2σ top 18.04 mm); GMC's refined gap 0.962 mm ≤ buffer 1 mm + slack -> no endpoint cell,,
GAPW1-F4W-00460/sweeper,GAPW1-F4W-00460,sweeper,F4,EP-FLOOR,by-tolerance,1,gmc/results/aerial3dg/f5/fig/GAPW1-F4W-00460_sweeper.png,start is 1.97 mm clear of floor splat 5496444 (2σ top 18.03 mm); GMC's refined gap 0.974 mm ≤ buffer 1 mm + slack -> no endpoint cell,,
GAPW1-F4W-00469/cylinder,GAPW1-F4W-00469,cylinder,F4,EP-FLOOR,by-tolerance,1,gmc/results/aerial3dg/f5/fig/GAPW1-F4W-00469_cylinder.png,goal is 1.95 mm clear of floor splat 5337920 (2σ top 18.04 mm); GMC's refined gap 0.962 mm ≤ buffer 1 mm + slack -> no endpoint cell,,
GAPW1-F4W-00562/cylinder,GAPW1-F4W-00562,cylinder,F4,EP-FLOOR,by-tolerance,1,gmc/results/aerial3dg/f5/fig/GAPW1-F4W-00562_cylinder.png,start is 1.97 mm clear of floor splat 5496444 (2σ top 18.03 mm); GMC's refined gap 0.974 mm ≤ buffer 1 mm + slack -> no endpoint cell,,
GAPW1-F4W-00585/cylinder,GAPW1-F4W-00585,cylinder,F4,EP-FLOOR,by-tolerance,1,gmc/results/aerial3dg/f5/fig/GAPW1-F4W-00585_cylinder.png,start is 1.34 mm clear of floor splat 5372258 (2σ top 19.13 mm); GMC's refined gap 0.339 mm ≤ buffer 1 mm + slack -> no endpoint cell,,
GAPW1-F4W-00613/sweeper,GAPW1-F4W-00613,sweeper,F4,EP-FLOOR,by-tolerance,1,gmc/results/aerial3dg/f5/fig/GAPW1-F4W-00613_sweeper.png,start is 1.97 mm clear of floor splat 5496444 (2σ top 18.03 mm); GMC's refined gap 0.974 mm ≤ buffer 1 mm + slack -> no endpoint cell,,
GAPW1-F4W-00791/sweeper,GAPW1-F4W-00791,sweeper,F4,EP-FLOOR,by-tolerance,1,gmc/results/aerial3dg/f5/fig/GAPW1-F4W-00791_sweeper.png,goal is 1.95 mm clear of floor splat 5337920 (2σ top 18.04 mm); GMC's refined gap 0.962 mm ≤ buffer 1 mm + slack -> no endpoint cell,,
GAPW1-F4W-00793/cylinder,GAPW1-F4W-00793,cylinder,F4,EP-FLOOR,by-tolerance,1,gmc/results/aerial3dg/f5/fig/GAPW1-F4W-00793_cylinder.png,goal is 1.95 mm clear of floor splat 5337920 (2σ top 18.04 mm); GMC's refined gap 0.962 mm ≤ buffer 1 mm + slack -> no endpoint cell,,
GAPW1-F4W-00846/cylinder,GAPW1-F4W-00846,cylinder,F4,EP-FLOOR,by-tolerance,1,gmc/results/aerial3dg/f5/fig/GAPW1-F4W-00846_cylinder.png,start is 1.97 mm clear of floor splat 5496444 (2σ top 18.03 mm); GMC's refined gap 0.974 mm ≤ buffer 1 mm + slack -> no endpoint cell,,
GAPW1-F4W-00944/sweeper,GAPW1-F4W-00944,sweeper,F4,EP-FLOOR,by-tolerance,1,gmc/results/aerial3dg/f5/fig/GAPW1-F4W-00944_sweeper.png,start is 1.95 mm clear of floor splat 5337920 (2σ top 18.04 mm); GMC's refined gap 0.962 mm ≤ buffer 1 mm + slack -> no endpoint cell,,
GAPW1-F4W-00951/sweeper,GAPW1-F4W-00951,sweeper,F4,EP-FLOOR,by-tolerance,1,gmc/results/aerial3dg/f5/fig/GAPW1-F4W-00951_sweeper.png,goal is 1.97 mm clear of floor splat 5496444 (2σ top 18.03 mm); GMC's refined gap 0.974 mm ≤ buffer 1 mm + slack -> no endpoint cell,,
GAPW1-F4W-01009/sweeper,GAPW1-F4W-01009,sweeper,F4,EP-FLOOR,by-tolerance,1,gmc/results/aerial3dg/f5/fig/GAPW1-F4W-01009_sweeper.png,start is 1.95 mm clear of floor splat 5337920 (2σ top 18.04 mm); GMC's refined gap 0.962 mm ≤ buffer 1 mm + slack -> no endpoint cell,,
GAPW1-F4W-01030/cylinder,GAPW1-F4W-01030,cylinder,F4,EP-FLOOR,by-tolerance,1,gmc/results/aerial3dg/f5/fig/GAPW1-F4W-01030_cylinder.png,start is 1.95 mm clear of floor splat 5337920 (2σ top 18.04 mm); GMC's refined gap 0.962 mm ≤ buffer 1 mm + slack -> no endpoint cell,,
GAPW1-F4W-01138/sweeper,GAPW1-F4W-01138,sweeper,F4,EP-FLOOR,by-tolerance,1,gmc/results/aerial3dg/f5/fig/GAPW1-F4W-01138_sweeper.png,goal is 1.97 mm clear of floor splat 5496444 (2σ top 18.03 mm); GMC's refined gap 0.974 mm ≤ buffer 1 mm + slack -> no endpoint cell,,
GAPW1-F4W-01155/cylinder,GAPW1-F4W-01155,cylinder,F4,EP-FLOOR,by-tolerance,1,gmc/results/aerial3dg/f5/fig/GAPW1-F4W-01155_cylinder.png,start is 1.97 mm clear of floor splat 5496444 (2σ top 18.03 mm); GMC's refined gap 0.974 mm ≤ buffer 1 mm + slack -> no endpoint cell,,
GAPW1-F4W-01208/sweeper,GAPW1-F4W-01208,sweeper,F4,EP-FLOOR,by-tolerance,1,gmc/results/aerial3dg/f5/fig/GAPW1-F4W-01208_sweeper.png,goal is 1.98 mm clear of floor splat 5337920 (2σ top 18.04 mm); GMC's refined gap 0.984 mm ≤ buffer 1 mm + slack -> no endpoint cell,,
GAPW1-F4W-01261/sweeper,GAPW1-F4W-01261,sweeper,F4,EP-FLOOR,by-tolerance,1,gmc/results/aerial3dg/f5/fig/GAPW1-F4W-01261_sweeper.png,start is 1.95 mm clear of floor splat 5337920 (2σ top 18.04 mm); GMC's refined gap 0.962 mm ≤ buffer 1 mm + slack -> no endpoint cell,,
GAPW1-F4W-01414/cylinder,GAPW1-F4W-01414,cylinder,F4,EP-FLOOR,by-tolerance,1,gmc/results/aerial3dg/f5/fig/GAPW1-F4W-01414_cylinder.png,start is 1.95 mm clear of floor splat 5337920 (2σ top 18.04 mm); GMC's refined gap 0.962 mm ≤ buffer 1 mm + slack -> no endpoint cell,,
S-F4S-00052/sweeper,S-F4S-00052,sweeper,F4,EP-FLOOR,by-tolerance,1,gmc/results/aerial3dg/f5/fig/S-F4S-00052_sweeper.png,goal is 1.50 mm clear of floor splat 5813409 (2σ top 18.49 mm); GMC's refined gap 0.512 mm ≤ buffer 1 mm + slack -> no endpoint cell,,
S-F4S-00128/cylinder,S-F4S-00128,cylinder,F4,EP-FLOOR,by-tolerance,1,gmc/results/aerial3dg/f5/fig/S-F4S-00128_cylinder.png,start is 1.50 mm clear of floor splat 5813409 (2σ top 18.49 mm); GMC's refined gap 0.512 mm ≤ buffer 1 mm + slack -> no endpoint cell,,
S-F4S-00256/sweeper,S-F4S-00256,sweeper,F4,EP-FLOOR,by-tolerance,1,gmc/results/aerial3dg/f5/fig/S-F4S-00256_sweeper.png,start is 1.50 mm clear of floor splat 5813409 (2σ top 18.49 mm); GMC's refined gap 0.512 mm ≤ buffer 1 mm + slack -> no endpoint cell,,
S-F4S-00257/cylinder,S-F4S-00257,cylinder,F4,EP-FLOOR,by-tolerance,1,gmc/results/aerial3dg/f5/fig/S-F4S-00257_cylinder.png,goal is 1.50 mm clear of floor splat 5813409 (2σ top 18.49 mm); GMC's refined gap 0.512 mm ≤ buffer 1 mm + slack -> no endpoint cell,,
S-F4S-00440/cylinder,S-F4S-00440,cylinder,F4,EP-FLOOR,by-tolerance,1,gmc/results/aerial3dg/f5/fig/S-F4S-00440_cylinder.png,goal is 1.50 mm clear of floor splat 5813409 (2σ top 18.49 mm); GMC's refined gap 0.512 mm ≤ buffer 1 mm + slack -> no endpoint cell,,
S-F4S-00588/cylinder,S-F4S-00588,cylinder,F4,EP-FLOOR,by-tolerance,1,gmc/results/aerial3dg/f5/fig/S-F4S-00588_cylinder.png,goal is 1.50 mm clear of floor splat 5813409 (2σ top 18.49 mm); GMC's refined gap 0.512 mm ≤ buffer 1 mm + slack -> no endpoint cell,,
S-F4S-00594/sweeper,S-F4S-00594,sweeper,F4,EP-FLOOR,by-tolerance,1,gmc/results/aerial3dg/f5/fig/S-F4S-00594_sweeper.png,start is 1.51 mm clear of floor splat 5813409 (2σ top 18.49 mm); GMC's refined gap 0.512 mm ≤ buffer 1 mm + slack -> no endpoint cell,,
S-F4S-00632/sweeper,S-F4S-00632,sweeper,F4,EP-FLOOR,by-tolerance,1,gmc/results/aerial3dg/f5/fig/S-F4S-00632_sweeper.png,start is 1.50 mm clear of floor splat 5813409 (2σ top 18.49 mm); GMC's refined gap 0.512 mm ≤ buffer 1 mm + slack -> no endpoint cell,,
S-F4S-00669/cylinder,S-F4S-00669,cylinder,F4,EP-FLOOR,by-tolerance,1,gmc/results/aerial3dg/f5/fig/S-F4S-00669_cylinder.png,start is 1.94 mm clear of floor splat 5728970 (2σ top 27.21 mm); GMC's refined gap 0.945 mm ≤ buffer 1 mm + slack -> no endpoint cell,,
S-F4S-00701/cylinder,S-F4S-00701,cylinder,F4,EP-FLOOR,by-tolerance,1,gmc/results/aerial3dg/f5/fig/S-F4S-00701_cylinder.png,goal is 1.50 mm clear of floor splat 5813409 (2σ top 18.49 mm); GMC's refined gap 0.512 mm ≤ buffer 1 mm + slack -> no endpoint cell,,
S-F4S-00798/sweeper,S-F4S-00798,sweeper,F4,EP-FLOOR,by-tolerance,1,gmc/results/aerial3dg/f5/fig/S-F4S-00798_sweeper.png,goal is 1.50 mm clear of floor splat 5813409 (2σ top 18.49 mm); GMC's refined gap 0.512 mm ≤ buffer 1 mm + slack -> no endpoint cell,,
S-F4S-00850/cylinder,S-F4S-00850,cylinder,F4,EP-FLOOR,by-tolerance,1,gmc/results/aerial3dg/f5/fig/S-F4S-00850_cylinder.png,goal is 1.02 mm clear of floor splat 5728891 (2σ top 55.11 mm); GMC's refined gap 0.022 mm ≤ buffer 1 mm + slack -> no endpoint cell,,
S-F4S-00852/cylinder,S-F4S-00852,cylinder,F4,EP-FLOOR,by-tolerance,1,gmc/results/aerial3dg/f5/fig/S-F4S-00852_cylinder.png,start is 1.50 mm clear of floor splat 5813409 (2σ top 18.49 mm); GMC's refined gap 0.512 mm ≤ buffer 1 mm + slack -> no endpoint cell,,
S-F4S-00979/cylinder,S-F4S-00979,cylinder,F4,EP-FLOOR,by-tolerance,1,gmc/results/aerial3dg/f5/fig/S-F4S-00979_cylinder.png,start is 1.50 mm clear of floor splat 5813409 (2σ top 18.49 mm); GMC's refined gap 0.512 mm ≤ buffer 1 mm + slack -> no endpoint cell,,
WWEST-F4X-00072/cylinder,WWEST-F4X-00072,cylinder,F4,EP-FLOOR,by-tolerance,1,gmc/results/aerial3dg/f5/fig/WWEST-F4X-00072_cylinder.png,goal is 1.95 mm clear of floor splat 5337920 (2σ top 18.04 mm); GMC's refined gap 0.962 mm ≤ buffer 1 mm + slack -> no endpoint cell,,
WWEST-F4X-00202/sweeper,WWEST-F4X-00202,sweeper,F4,EP-FLOOR,by-tolerance,1,gmc/results/aerial3dg/f5/fig/WWEST-F4X-00202_sweeper.png,goal is 1.07 mm clear of floor splat 5371715 (2σ top 18.92 mm); GMC's refined gap 0.077 mm ≤ buffer 1 mm + slack -> no endpoint cell,,
WWEST-F4X-00436/cylinder,WWEST-F4X-00436,cylinder,F4,EP-FLOOR,by-tolerance,1,gmc/results/aerial3dg/f5/fig/WWEST-F4X-00436_cylinder.png,goal is 1.97 mm clear of floor splat 5496444 (2σ top 18.03 mm); GMC's refined gap 0.974 mm ≤ buffer 1 mm + slack -> no endpoint cell,,
WWEST-F4X-00572/cylinder,WWEST-F4X-00572,cylinder,F4,EP-FLOOR,by-tolerance,1,gmc/results/aerial3dg/f5/fig/WWEST-F4X-00572_cylinder.png,goal is 1.98 mm clear of floor splat 5337920 (2σ top 18.04 mm); GMC's refined gap 0.983 mm ≤ buffer 1 mm + slack -> no endpoint cell,,
WWEST-F4X-00930/sweeper,WWEST-F4X-00930,sweeper,F4,EP-FLOOR,by-tolerance,1,gmc/results/aerial3dg/f5/fig/WWEST-F4X-00930_sweeper.png,start is 1.97 mm clear of floor splat 5496444 (2σ top 18.03 mm); GMC's refined gap 0.974 mm ≤ buffer 1 mm + slack -> no endpoint cell,,
WWEST-F4X-00952/sweeper,WWEST-F4X-00952,sweeper,F4,EP-FLOOR,by-tolerance,1,gmc/results/aerial3dg/f5/fig/WWEST-F4X-00952_sweeper.png,start is 1.15 mm clear of floor splat 5371715 (2σ top 18.92 mm); GMC's refined gap 0.158 mm ≤ buffer 1 mm + slack -> no endpoint cell,,
WWEST-F4X-01067/cylinder,WWEST-F4X-01067,cylinder,F4,EP-FLOOR,by-tolerance,1,gmc/results/aerial3dg/f5/fig/WWEST-F4X-01067_cylinder.png,goal is 1.34 mm clear of floor splat 5700922 (2σ top 104.32 mm); GMC's refined gap 0.347 mm ≤ buffer 1 mm + slack -> no endpoint cell,,
WWEST-F4X-01092/cylinder,WWEST-F4X-01092,cylinder,F4,EP-FLOOR,by-tolerance,1,gmc/results/aerial3dg/f5/fig/WWEST-F4X-01092_cylinder.png,start is 1.02 mm clear of floor splat 5336509 (2σ top 19.46 mm); GMC's refined gap 0.019 mm ≤ buffer 1 mm + slack -> no endpoint cell,,
WWEST-F4X-01133/sweeper,WWEST-F4X-01133,sweeper,F4,EP-FLOOR,by-tolerance,1,gmc/results/aerial3dg/f5/fig/WWEST-F4X-01133_sweeper.png,start is 1.95 mm clear of floor splat 5337920 (2σ top 18.04 mm); GMC's refined gap 0.962 mm ≤ buffer 1 mm + slack -> no endpoint cell,,
WWEST-F4X-01196/cylinder,WWEST-F4X-01196,cylinder,F4,EP-FLOOR,by-tolerance,1,gmc/results/aerial3dg/f5/fig/WWEST-F4X-01196_cylinder.png,start is 1.95 mm clear of floor splat 5337920 (2σ top 18.04 mm); GMC's refined gap 0.962 mm ≤ buffer 1 mm + slack -> no endpoint cell,,
WWEST-F4X-01419/cylinder,WWEST-F4X-01419,cylinder,F4,EP-FLOOR,by-tolerance,1,gmc/results/aerial3dg/f5/fig/WWEST-F4X-01419_cylinder.png,goal is 1.97 mm clear of floor splat 5496444 (2σ top 18.03 mm); GMC's refined gap 0.974 mm ≤ buffer 1 mm + slack -> no endpoint cell,,
WWEST-F4X-01525/sweeper,WWEST-F4X-01525,sweeper,F4,EP-FLOOR,by-tolerance,1,gmc/results/aerial3dg/f5/fig/WWEST-F4X-01525_sweeper.png,start is 1.25 mm clear of floor splat 5371648 (2σ top 18.75 mm); GMC's refined gap 0.255 mm ≤ buffer 1 mm + slack -> no endpoint cell,,
WWEST-F4X-01706/sweeper,WWEST-F4X-01706,sweeper,F4,EP-FLOOR,by-tolerance,1,gmc/results/aerial3dg/f5/fig/WWEST-F4X-01706_sweeper.png,goal is 1.84 mm clear of floor splat 5374528 (2σ top 18.16 mm); GMC's refined gap 0.844 mm ≤ buffer 1 mm + slack -> no endpoint cell,,
WWEST-F4X-01727/sweeper,WWEST-F4X-01727,sweeper,F4,EP-FLOOR,by-tolerance,1,gmc/results/aerial3dg/f5/fig/WWEST-F4X-01727_sweeper.png,start is 1.95 mm clear of floor splat 5337920 (2σ top 18.04 mm); GMC's refined gap 0.962 mm ≤ buffer 1 mm + slack -> no endpoint cell,,
WWEST-F4X-01741/sweeper,WWEST-F4X-01741,sweeper,F4,EP-FLOOR,by-tolerance,1,gmc/results/aerial3dg/f5/fig/WWEST-F4X-01741_sweeper.png,goal is 1.99 mm clear of floor splat 5496444 (2σ top 18.03 mm); GMC's refined gap 0.974 mm ≤ buffer 1 mm + slack -> no endpoint cell,,
WWEST-F4X-01884/sweeper,WWEST-F4X-01884,sweeper,F4,EP-FLOOR,by-tolerance,1,gmc/results/aerial3dg/f5/fig/WWEST-F4X-01884_sweeper.png,goal is 1.97 mm clear of floor splat 5496444 (2σ top 18.03 mm); GMC's refined gap 0.974 mm ≤ buffer 1 mm + slack -> no endpoint cell,,
WWEST-F4X-02030/cylinder,WWEST-F4X-02030,cylinder,F4,EP-FLOOR,by-tolerance,1,gmc/results/aerial3dg/f5/fig/WWEST-F4X-02030_cylinder.png,goal is 1.95 mm clear of floor splat 5337920 (2σ top 18.04 mm); GMC's refined gap 0.962 mm ≤ buffer 1 mm + slack -> no endpoint cell,,
WWEST-F4X-02294/sweeper,WWEST-F4X-02294,sweeper,F4,EP-FLOOR,by-tolerance,1,gmc/results/aerial3dg/f5/fig/WWEST-F4X-02294_sweeper.png,start is 1.95 mm clear of floor splat 5337920 (2σ top 18.04 mm); GMC's refined gap 0.962 mm ≤ buffer 1 mm + slack -> no endpoint cell,,
WWEST-F4X-02382/cylinder,WWEST-F4X-02382,cylinder,F4,EP-FLOOR,by-tolerance,1,gmc/results/aerial3dg/f5/fig/WWEST-F4X-02382_cylinder.png,start is 1.12 mm clear of floor splat 5496971 (2σ top 55.73 mm); GMC's refined gap 0.131 mm ≤ buffer 1 mm + slack -> no endpoint cell,,
GAPW1-F4W-00245/cylinder,GAPW1-F4W-00245,cylinder,F4,EP-SIDE,by-tolerance,1,gmc/results/aerial3dg/f5/fig/GAPW1-F4W-00245_cylinder.png,goal is 1.45 mm clear of Gaussian 2052367 (2σ top 1277.30 mm); GMC's refined gap 0.449 mm ≤ buffer 1 mm + slack -> no endpoint cell,,
GAPW1-F4W-00914/cylinder,GAPW1-F4W-00914,cylinder,F4,EP-SIDE,by-tolerance,1,gmc/results/aerial3dg/f5/fig/GAPW1-F4W-00914_cylinder.png,goal is 1.20 mm clear of Gaussian 2052340 (2σ top 1423.27 mm); GMC's refined gap 0.208 mm ≤ buffer 1 mm + slack -> no endpoint cell,,
WWEST-F4X-01495/cylinder,WWEST-F4X-01495,cylinder,F4,EP-SIDE,by-tolerance,1,gmc/results/aerial3dg/f5/fig/WWEST-F4X-01495_cylinder.png,start is 1.02 mm clear of Gaussian 5550406 (2σ top 208.20 mm); GMC's refined gap 0.016 mm ≤ buffer 1 mm + slack -> no endpoint cell,,
WWEST-F4X-02244/cylinder,WWEST-F4X-02244,cylinder,F4,EP-SIDE,by-tolerance,1,gmc/results/aerial3dg/f5/fig/WWEST-F4X-02244_cylinder.png,goal is 1.58 mm clear of Gaussian 5536400 (2σ top 121.39 mm); GMC's refined gap 0.585 mm ≤ buffer 1 mm + slack -> no endpoint cell,,
class:REPLAY-AABB/cylinder,(all REPLAY-AABB cylinder rows not shown),cylinder,F4,REPLAY-AABB,export,524,gmc/results/aerial3dg/f5/fig/overview/REPLAY-AABB_cylinder.png,the shared replay's known-space test checks the world AABB of each swept 0.20 m export segment; near a box face in the 64-degree-rotated frame that AABB leaves the prism although the body does not,,
GAPW1-F4W-01035/cylinder,GAPW1-F4W-01035,cylinder,F4,REPLAY-AABB,export,1,gmc/results/aerial3dg/f5/fig/GAPW1-F4W-01035_cylinder.png,exported edge 17: its swept world AABB leaves the route prism by 25.1 mm in u although every exported pose is inside (own verifier CERTIFIED),,
GAPW1-F4W-01474/cylinder,GAPW1-F4W-01474,cylinder,F4,REPLAY-AABB,export,1,gmc/results/aerial3dg/f5/fig/GAPW1-F4W-01474_cylinder.png,exported edge 1: its swept world AABB leaves the route prism by 11.7 mm in v although every exported pose is inside (own verifier CERTIFIED),,
GAPW1-F4W-01498/cylinder,GAPW1-F4W-01498,cylinder,F4,REPLAY-AABB,export,1,gmc/results/aerial3dg/f5/fig/GAPW1-F4W-01498_cylinder.png,exported edge 23: its swept world AABB leaves the route prism by 11.1 mm in v although every exported pose is inside (own verifier CERTIFIED),,
S-F4S-00002/cylinder,S-F4S-00002,cylinder,F4,REPLAY-AABB,export,1,gmc/results/aerial3dg/f5/fig/S-F4S-00002_cylinder.png,exported edge 16: its swept world AABB leaves the route prism by 10.7 mm in v although every exported pose is inside (own verifier CERTIFIED),,
S-F4S-00008/cylinder,S-F4S-00008,cylinder,F4,REPLAY-AABB,export,1,gmc/results/aerial3dg/f5/fig/S-F4S-00008_cylinder.png,exported edge 1: its swept world AABB leaves the route prism by 26.8 mm in v although every exported pose is inside (own verifier CERTIFIED),,
S-F4S-00170/cylinder,S-F4S-00170,cylinder,F4,REPLAY-AABB,export,1,gmc/results/aerial3dg/f5/fig/S-F4S-00170_cylinder.png,exported edge 20: its swept world AABB leaves the route prism by 12.5 mm in v although every exported pose is inside (own verifier CERTIFIED),,
S-F4S-00178/cylinder,S-F4S-00178,cylinder,F4,REPLAY-AABB,export,1,gmc/results/aerial3dg/f5/fig/S-F4S-00178_cylinder.png,exported edge 1: its swept world AABB leaves the route prism by 53.9 mm in v although every exported pose is inside (own verifier CERTIFIED),,
S-F4S-00240/cylinder,S-F4S-00240,cylinder,F4,REPLAY-AABB,export,1,gmc/results/aerial3dg/f5/fig/S-F4S-00240_cylinder.png,exported edge 1: its swept world AABB leaves the route prism by 50.3 mm in v although every exported pose is inside (own verifier CERTIFIED),,
S-F4S-00244/cylinder,S-F4S-00244,cylinder,F4,REPLAY-AABB,export,1,gmc/results/aerial3dg/f5/fig/S-F4S-00244_cylinder.png,exported edge 19: its swept world AABB leaves the route prism by 0.8 mm in v although every exported pose is inside (own verifier CERTIFIED),,
S-F4S-00260/cylinder,S-F4S-00260,cylinder,F4,REPLAY-AABB,export,1,gmc/results/aerial3dg/f5/fig/S-F4S-00260_cylinder.png,exported edge 12: its swept world AABB leaves the route prism by 10.3 mm in v although every exported pose is inside (own verifier CERTIFIED),,
S-F4S-00303/cylinder,S-F4S-00303,cylinder,F4,REPLAY-AABB,export,1,gmc/results/aerial3dg/f5/fig/S-F4S-00303_cylinder.png,exported edge 1: its swept world AABB leaves the route prism by 2.3 mm in v although every exported pose is inside (own verifier CERTIFIED),,
S-F4S-00312/cylinder,S-F4S-00312,cylinder,F4,REPLAY-AABB,export,1,gmc/results/aerial3dg/f5/fig/S-F4S-00312_cylinder.png,exported edge 17: its swept world AABB leaves the route prism by 6.5 mm in v although every exported pose is inside (own verifier CERTIFIED),,
S-F4S-00357/cylinder,S-F4S-00357,cylinder,F4,REPLAY-AABB,export,1,gmc/results/aerial3dg/f5/fig/S-F4S-00357_cylinder.png,exported edge 1: its swept world AABB leaves the route prism by 43.0 mm in v although every exported pose is inside (own verifier CERTIFIED),,
S-F4S-00411/cylinder,S-F4S-00411,cylinder,F4,REPLAY-AABB,export,1,gmc/results/aerial3dg/f5/fig/S-F4S-00411_cylinder.png,exported edge 19: its swept world AABB leaves the route prism by 0.8 mm in v although every exported pose is inside (own verifier CERTIFIED),,
S-F4S-00412/cylinder,S-F4S-00412,cylinder,F4,REPLAY-AABB,export,1,gmc/results/aerial3dg/f5/fig/S-F4S-00412_cylinder.png,exported edge 16: its swept world AABB leaves the route prism by 8.7 mm in v although every exported pose is inside (own verifier CERTIFIED),,
S-F4S-00449/cylinder,S-F4S-00449,cylinder,F4,REPLAY-AABB,export,1,gmc/results/aerial3dg/f5/fig/S-F4S-00449_cylinder.png,exported edge 1: its swept world AABB leaves the route prism by 3.3 mm in v although every exported pose is inside (own verifier CERTIFIED),,
S-F4S-00463/cylinder,S-F4S-00463,cylinder,F4,REPLAY-AABB,export,1,gmc/results/aerial3dg/f5/fig/S-F4S-00463_cylinder.png,exported edge 1: its swept world AABB leaves the route prism by 2.6 mm in v although every exported pose is inside (own verifier CERTIFIED),,
S-F4S-00482/cylinder,S-F4S-00482,cylinder,F4,REPLAY-AABB,export,1,gmc/results/aerial3dg/f5/fig/S-F4S-00482_cylinder.png,exported edge 1: its swept world AABB leaves the route prism by 14.1 mm in v although every exported pose is inside (own verifier CERTIFIED),,
S-F4S-00493/cylinder,S-F4S-00493,cylinder,F4,REPLAY-AABB,export,1,gmc/results/aerial3dg/f5/fig/S-F4S-00493_cylinder.png,exported edge 1: its swept world AABB leaves the route prism by 23.2 mm in v although every exported pose is inside (own verifier CERTIFIED),,
S-F4S-00624/cylinder,S-F4S-00624,cylinder,F4,REPLAY-AABB,export,1,gmc/results/aerial3dg/f5/fig/S-F4S-00624_cylinder.png,exported edge 3: its swept world AABB leaves the route prism by 8.6 mm in v although every exported pose is inside (own verifier CERTIFIED),,
S-F4S-00664/cylinder,S-F4S-00664,cylinder,F4,REPLAY-AABB,export,1,gmc/results/aerial3dg/f5/fig/S-F4S-00664_cylinder.png,exported edge 17: its swept world AABB leaves the route prism by 5.9 mm in v although every exported pose is inside (own verifier CERTIFIED),,
S-F4S-00672/cylinder,S-F4S-00672,cylinder,F4,REPLAY-AABB,export,1,gmc/results/aerial3dg/f5/fig/S-F4S-00672_cylinder.png,exported edge 10: its swept world AABB leaves the route prism by 7.1 mm in v although every exported pose is inside (own verifier CERTIFIED),,
S-F4S-00743/cylinder,S-F4S-00743,cylinder,F4,REPLAY-AABB,export,1,gmc/results/aerial3dg/f5/fig/S-F4S-00743_cylinder.png,exported edge 1: its swept world AABB leaves the route prism by 34.0 mm in v although every exported pose is inside (own verifier CERTIFIED),,
S-F4S-00783/cylinder,S-F4S-00783,cylinder,F4,REPLAY-AABB,export,1,gmc/results/aerial3dg/f5/fig/S-F4S-00783_cylinder.png,exported edge 1: its swept world AABB leaves the route prism by 55.3 mm in v although every exported pose is inside (own verifier CERTIFIED),,
S-F4S-00855/cylinder,S-F4S-00855,cylinder,F4,REPLAY-AABB,export,1,gmc/results/aerial3dg/f5/fig/S-F4S-00855_cylinder.png,exported edge 1: its swept world AABB leaves the route prism by 15.0 mm in v although every exported pose is inside (own verifier CERTIFIED),,
S-F4S-00895/cylinder,S-F4S-00895,cylinder,F4,REPLAY-AABB,export,1,gmc/results/aerial3dg/f5/fig/S-F4S-00895_cylinder.png,exported edge 1: its swept world AABB leaves the route prism by 18.4 mm in v although every exported pose is inside (own verifier CERTIFIED),,
S-F4S-00909/cylinder,S-F4S-00909,cylinder,F4,REPLAY-AABB,export,1,gmc/results/aerial3dg/f5/fig/S-F4S-00909_cylinder.png,exported edge 1: its swept world AABB leaves the route prism by 29.1 mm in v although every exported pose is inside (own verifier CERTIFIED),,
S-F4S-00992/cylinder,S-F4S-00992,cylinder,F4,REPLAY-AABB,export,1,gmc/results/aerial3dg/f5/fig/S-F4S-00992_cylinder.png,exported edge 9: its swept world AABB leaves the route prism by 1.5 mm in v although every exported pose is inside (own verifier CERTIFIED),,
WWEST-F4X-00055/cylinder,WWEST-F4X-00055,cylinder,F4,REPLAY-AABB,export,1,gmc/results/aerial3dg/f5/fig/WWEST-F4X-00055_cylinder.png,exported edge 1: its swept world AABB leaves the route prism by 29.7 mm in v although every exported pose is inside (own verifier CERTIFIED),,
WWEST-F4X-01090/cylinder,WWEST-F4X-01090,cylinder,F4,REPLAY-AABB,export,1,gmc/results/aerial3dg/f5/fig/WWEST-F4X-01090_cylinder.png,exported edge 1: its swept world AABB leaves the route prism by 3.3 mm in v although every exported pose is inside (own verifier CERTIFIED),,
S-F4S-00029/sweeper,S-F4S-00029,sweeper,F4,REPLAY-RATE,export,1,gmc/results/aerial3dg/f5/fig/S-F4S-00029_sweeper.png,in-place turn of 0.34 µrad at export step 10: rate over the limit by 1.3e-09 (> 1e-9) from float round-off; geometry passed; 1 ms floors pass,,
S-F4S-00090/sweeper,S-F4S-00090,sweeper,F4,REPLAY-RATE,export,1,gmc/results/aerial3dg/f5/fig/S-F4S-00090_sweeper.png,in-place turn of 0.45 µrad at export step 15: rate over the limit by 2.0e-09 (> 1e-9) from float round-off; geometry passed; 1 ms floors pass,,
S-F4S-00790/cylinder,S-F4S-00790,cylinder,F4,REPLAY-RATE,export,1,gmc/results/aerial3dg/f5/fig/S-F4S-00790_cylinder.png,in-place turn of 0.82 µrad at export step 12: rate over the limit by 1.1e-09 (> 1e-9) from float round-off; geometry passed; 1 ms floors pass,,
WWEST-F4X-00150/sweeper,WWEST-F4X-00150,sweeper,F4,REPLAY-RATE,export,1,gmc/results/aerial3dg/f5/fig/WWEST-F4X-00150_sweeper.png,in-place turn of 0.23 µrad at export step 11: rate over the limit by 1.9e-09 (> 1e-9) from float round-off; geometry passed; 1 ms floors pass,,
WWEST-F4X-00153/cylinder,WWEST-F4X-00153,cylinder,F4,REPLAY-RATE,export,1,gmc/results/aerial3dg/f5/fig/WWEST-F4X-00153_cylinder.png,in-place turn of 0.86 µrad at export step 30: rate over the limit by 1.5e-09 (> 1e-9) from float round-off; geometry passed; 1 ms floors pass,,
WWEST-F4X-00288/cylinder,WWEST-F4X-00288,cylinder,F4,REPLAY-RATE,export,1,gmc/results/aerial3dg/f5/fig/WWEST-F4X-00288_cylinder.png,in-place turn of 1.04 µrad at export step 29: rate over the limit by 1.3e-09 (> 1e-9) from float round-off; geometry passed; 1 ms floors pass,,
WWEST-F4X-00404/cylinder,WWEST-F4X-00404,cylinder,F4,REPLAY-RATE,export,1,gmc/results/aerial3dg/f5/fig/WWEST-F4X-00404_cylinder.png,in-place turn of 0.48 µrad at export step 28: rate over the limit by 1.9e-09 (> 1e-9) from float round-off; geometry passed; 1 ms floors pass,,
WWEST-F4X-00844/sweeper,WWEST-F4X-00844,sweeper,F4,REPLAY-RATE,export,1,gmc/results/aerial3dg/f5/fig/WWEST-F4X-00844_sweeper.png,in-place turn of 1.01 µrad at export step 32: rate over the limit by 1.3e-09 (> 1e-9) from float round-off; geometry passed; 1 ms floors pass,,
WWEST-F4X-01394/cylinder,WWEST-F4X-01394,cylinder,F4,REPLAY-RATE,export,1,gmc/results/aerial3dg/f5/fig/WWEST-F4X-01394_cylinder.png,in-place turn of 1.29 µrad at export step 27: rate over the limit by 1.0e-09 (> 1e-9) from float round-off; geometry passed; 1 ms floors pass,,
WWEST-F4X-01533/cylinder,WWEST-F4X-01533,cylinder,F4,REPLAY-RATE,export,1,gmc/results/aerial3dg/f5/fig/WWEST-F4X-01533_cylinder.png,in-place turn of 1.43 µrad at export step 29: rate over the limit by 1.2e-09 (> 1e-9) from float round-off; geometry passed; 1 ms floors pass,,
WWEST-F4X-01742/cylinder,WWEST-F4X-01742,cylinder,F4,REPLAY-RATE,export,1,gmc/results/aerial3dg/f5/fig/WWEST-F4X-01742_cylinder.png,in-place turn of 0.87 µrad at export step 33: rate over the limit by 1.5e-09 (> 1e-9) from float round-off; geometry passed; 1 ms floors pass,,
WWEST-F4X-01787/cylinder,WWEST-F4X-01787,cylinder,F4,REPLAY-RATE,export,1,gmc/results/aerial3dg/f5/fig/WWEST-F4X-01787_cylinder.png,in-place turn of 0.99 µrad at export step 35: rate over the limit by 1.3e-09 (> 1e-9) from float round-off; geometry passed; 1 ms floors pass,,
WWEST-F4X-01931/cylinder,WWEST-F4X-01931,cylinder,F4,REPLAY-RATE,export,1,gmc/results/aerial3dg/f5/fig/WWEST-F4X-01931_cylinder.png,in-place turn of 1.20 µrad at export step 30: rate over the limit by 1.1e-09 (> 1e-9) from float round-off; geometry passed; 1 ms floors pass,,
WWEST-F4X-02177/cylinder,WWEST-F4X-02177,cylinder,F4,REPLAY-RATE,export,1,gmc/results/aerial3dg/f5/fig/WWEST-F4X-02177_cylinder.png,in-place turn of 1.75 µrad at export step 33: rate over the limit by 1.0e-09 (> 1e-9) from float round-off; geometry passed; 1 ms floors pass,,
WWEST-pilot-F3X-00001/cylinder,WWEST-pilot-F3X-00001,cylinder,F3-targeted,POST-TIMEOUT,genuine,1,gmc/results/aerial3dg/f5/fig/WWEST-pilot-F3X-00001_cylinder.png,"120 s alarm inside shortcut (post-processing: shortcut 81 accepts 113 s, tighten 568 accepts 6 s); verdict-only REACHABLE in 0.5 s; 60 s post budget -> REACHABLE",,
WWEST-pilot-F3X-00019/cylinder,WWEST-pilot-F3X-00019,cylinder,F3-targeted,POST-TIMEOUT,genuine,1,gmc/results/aerial3dg/f5/fig/WWEST-pilot-F3X-00019_cylinder.png,120 s alarm inside shortcut (post-processing: shortcut 38 accepts 119 s); verdict-only REACHABLE in 1.6 s; 60 s post budget -> REACHABLE,,
WWEST-pilot-F3X-00027/cylinder,WWEST-pilot-F3X-00027,cylinder,F3-targeted,POST-TIMEOUT,genuine,1,gmc/results/aerial3dg/f5/fig/WWEST-pilot-F3X-00027_cylinder.png,120 s alarm inside shortcut (post-processing: shortcut 91 accepts 119 s); verdict-only UNKNOWN in 1.2 s; 60 s post budget -> REACHABLE,,
WWEST-pilot-F3X-00037/cylinder,WWEST-pilot-F3X-00037,cylinder,F3-targeted,POST-TIMEOUT,genuine,1,gmc/results/aerial3dg/f5/fig/WWEST-pilot-F3X-00037_cylinder.png,"120 s alarm inside shortcut (post-processing: shortcut 88 accepts 114 s, tighten 401 accepts 5 s); verdict-only REACHABLE in 1.8 s; 60 s post budget -> REACHABLE",,
WWEST-pilot-F3X-00056/cylinder,WWEST-pilot-F3X-00056,cylinder,F3-targeted,POST-TIMEOUT,genuine,1,gmc/results/aerial3dg/f5/fig/WWEST-pilot-F3X-00056_cylinder.png,120 s alarm inside shortcut (post-processing: shortcut 84 accepts 119 s); verdict-only REACHABLE in 1.1 s; 60 s post budget -> REACHABLE,,
WWEST-pilot-F3X-00059/cylinder,WWEST-pilot-F3X-00059,cylinder,F3-targeted,POST-TIMEOUT,genuine,1,gmc/results/aerial3dg/f5/fig/WWEST-pilot-F3X-00059_cylinder.png,"120 s alarm inside shortcut (post-processing: shortcut 58 accepts 114 s, tighten 471 accepts 5 s); verdict-only UNKNOWN in 1.1 s; 60 s post budget -> UNKNOWN",,
WWEST-pilot-F3X-00082/cylinder,WWEST-pilot-F3X-00082,cylinder,F3-targeted,POST-TIMEOUT,genuine,1,gmc/results/aerial3dg/f5/fig/WWEST-pilot-F3X-00082_cylinder.png,"120 s alarm inside tighten (post-processing: shortcut 89 accepts 116 s, tighten 277 accepts 4 s); verdict-only UNKNOWN in 0.5 s; 60 s post budget -> REACHABLE",,
WWEST-pilot-F3X-00088/cylinder,WWEST-pilot-F3X-00088,cylinder,F3-targeted,POST-TIMEOUT,genuine,1,gmc/results/aerial3dg/f5/fig/WWEST-pilot-F3X-00088_cylinder.png,120 s alarm inside shortcut (post-processing: shortcut 48 accepts 119 s); verdict-only REACHABLE in 0.7 s; 60 s post budget -> REACHABLE,,
WWEST-pilot-F3X-00093/cylinder,WWEST-pilot-F3X-00093,cylinder,F3-targeted,POST-TIMEOUT,genuine,1,gmc/results/aerial3dg/f5/fig/WWEST-pilot-F3X-00093_cylinder.png,"120 s alarm inside shortcut (post-processing: shortcut 83 accepts 114 s, tighten 495 accepts 5 s); verdict-only REACHABLE in 1.1 s; 60 s post budget -> REACHABLE",,
WWEST-pilot-F3X-00107/cylinder,WWEST-pilot-F3X-00107,cylinder,F3-targeted,POST-TIMEOUT,genuine,1,gmc/results/aerial3dg/f5/fig/WWEST-pilot-F3X-00107_cylinder.png,"120 s alarm inside tighten (post-processing: shortcut 72 accepts 117 s, tighten 283 accepts 3 s); verdict-only UNKNOWN in 1.9 s; 60 s post budget -> REACHABLE",,
WWEST-pilot-F3X-00126/cylinder,WWEST-pilot-F3X-00126,cylinder,F3-targeted,POST-TIMEOUT,genuine,1,gmc/results/aerial3dg/f5/fig/WWEST-pilot-F3X-00126_cylinder.png,"120 s alarm inside shortcut (post-processing: shortcut 87 accepts 116 s, tighten 378 accepts 3 s); verdict-only UNKNOWN in 2.6 s; 60 s post budget -> REACHABLE",,
WWEST-pilot-F3X-00147/cylinder,WWEST-pilot-F3X-00147,cylinder,F3-targeted,POST-TIMEOUT,genuine,1,gmc/results/aerial3dg/f5/fig/WWEST-pilot-F3X-00147_cylinder.png,120 s alarm inside shortcut (post-processing: shortcut 26 accepts 119 s); verdict-only REACHABLE in 1.6 s; 60 s post budget -> REACHABLE,,
WWEST-pilot-F3X-00155/cylinder,WWEST-pilot-F3X-00155,cylinder,F3-targeted,POST-TIMEOUT,genuine,1,gmc/results/aerial3dg/f5/fig/WWEST-pilot-F3X-00155_cylinder.png,120 s alarm inside shortcut (post-processing: shortcut 55 accepts 119 s); verdict-only REACHABLE in 1.2 s; 60 s post budget -> REACHABLE,,
WWEST-pilot-F3X-00160/cylinder,WWEST-pilot-F3X-00160,cylinder,F3-targeted,POST-TIMEOUT,genuine,1,gmc/results/aerial3dg/f5/fig/WWEST-pilot-F3X-00160_cylinder.png,120 s alarm inside shortcut (post-processing: shortcut 29 accepts 118 s); verdict-only REACHABLE in 2.3 s; 60 s post budget -> REACHABLE,,
WWEST-pilot-F3X-00169/cylinder,WWEST-pilot-F3X-00169,cylinder,F3-targeted,POST-TIMEOUT,genuine,1,gmc/results/aerial3dg/f5/fig/WWEST-pilot-F3X-00169_cylinder.png,120 s alarm inside shortcut (post-processing: shortcut 47 accepts 119 s); verdict-only REACHABLE in 2.5 s; 60 s post budget -> REACHABLE,,
WWEST-pilot-F3X-00181/cylinder,WWEST-pilot-F3X-00181,cylinder,F3-targeted,POST-TIMEOUT,genuine,1,gmc/results/aerial3dg/f5/fig/WWEST-pilot-F3X-00181_cylinder.png,"120 s alarm inside shortcut (post-processing: shortcut 87 accepts 113 s, tighten 482 accepts 6 s); verdict-only REACHABLE in 0.9 s; 60 s post budget -> REACHABLE",,
WWEST-pilot-F3X-00183/cylinder,WWEST-pilot-F3X-00183,cylinder,F3-targeted,POST-TIMEOUT,genuine,1,gmc/results/aerial3dg/f5/fig/WWEST-pilot-F3X-00183_cylinder.png,"120 s alarm inside shortcut (post-processing: shortcut 160 accepts 114 s, tighten 589 accepts 5 s); verdict-only UNKNOWN in 0.4 s; 60 s post budget -> REACHABLE",,
WWEST-pilot-F3X-00192/cylinder,WWEST-pilot-F3X-00192,cylinder,F3-targeted,POST-TIMEOUT,genuine,1,gmc/results/aerial3dg/f5/fig/WWEST-pilot-F3X-00192_cylinder.png,"120 s alarm inside shortcut (post-processing: shortcut 62 accepts 104 s, tighten 480 accepts 16 s); verdict-only UNKNOWN in 1.7 s; 60 s post budget -> REACHABLE",,
WWEST-pilot-F3X-00195/cylinder,WWEST-pilot-F3X-00195,cylinder,F3-targeted,POST-TIMEOUT,genuine,1,gmc/results/aerial3dg/f5/fig/WWEST-pilot-F3X-00195_cylinder.png,"120 s alarm inside shortcut (post-processing: shortcut 105 accepts 116 s, tighten 385 accepts 3 s); verdict-only REACHABLE in 1.1 s; 60 s post budget -> REACHABLE",,
WWEST-pilot-F3X-00197/cylinder,WWEST-pilot-F3X-00197,cylinder,F3-targeted,POST-TIMEOUT,genuine,1,gmc/results/aerial3dg/f5/fig/WWEST-pilot-F3X-00197_cylinder.png,"120 s alarm inside shortcut (post-processing: shortcut 68 accepts 116 s, tighten 357 accepts 3 s); verdict-only REACHABLE in 1.3 s; 60 s post budget -> REACHABLE",,
WWEST-targeted-F3Xt-00001/cylinder,WWEST-targeted-F3Xt-00001,cylinder,F3-targeted,POST-TIMEOUT,genuine,1,gmc/results/aerial3dg/f5/fig/WWEST-targeted-F3Xt-00001_cylinder.png,"120 s alarm inside shortcut (post-processing: shortcut 123 accepts 117 s, tighten 209 accepts 2 s); verdict-only UNKNOWN in 0.7 s; 60 s post budget -> REACHABLE",,
WWEST-targeted-F3Xt-00002/cylinder,WWEST-targeted-F3Xt-00002,cylinder,F3-targeted,POST-TIMEOUT,genuine,1,gmc/results/aerial3dg/f5/fig/WWEST-targeted-F3Xt-00002_cylinder.png,"120 s alarm inside shortcut (post-processing: shortcut 123 accepts 116 s, tighten 277 accepts 3 s); verdict-only REACHABLE in 1.2 s; 60 s post budget -> REACHABLE",,
WWEST-targeted-F3Xt-00009/cylinder,WWEST-targeted-F3Xt-00009,cylinder,F3-targeted,POST-TIMEOUT,genuine,1,gmc/results/aerial3dg/f5/fig/WWEST-targeted-F3Xt-00009_cylinder.png,"120 s alarm inside shortcut (post-processing: shortcut 66 accepts 115 s, tighten 422 accepts 5 s); verdict-only REACHABLE in 0.5 s; 60 s post budget -> REACHABLE",,
WWEST-targeted-F3Xt-00010/cylinder,WWEST-targeted-F3Xt-00010,cylinder,F3-targeted,POST-TIMEOUT,genuine,1,gmc/results/aerial3dg/f5/fig/WWEST-targeted-F3Xt-00010_cylinder.png,"120 s alarm inside shortcut (post-processing: shortcut 96 accepts 114 s, tighten 263 accepts 5 s); verdict-only REACHABLE in 0.9 s; 60 s post budget -> REACHABLE",,
WWEST-targeted-F3Xt-00013/cylinder,WWEST-targeted-F3Xt-00013,cylinder,F3-targeted,POST-TIMEOUT,genuine,1,gmc/results/aerial3dg/f5/fig/WWEST-targeted-F3Xt-00013_cylinder.png,"120 s alarm inside shortcut (post-processing: shortcut 89 accepts 110 s, tighten 391 accepts 9 s); verdict-only REACHABLE in 1.7 s; 60 s post budget -> REACHABLE",,
WWEST-targeted-F3Xt-00018/cylinder,WWEST-targeted-F3Xt-00018,cylinder,F3-targeted,POST-TIMEOUT,genuine,1,gmc/results/aerial3dg/f5/fig/WWEST-targeted-F3Xt-00018_cylinder.png,120 s alarm inside shortcut (post-processing: shortcut 58 accepts 120 s); verdict-only REACHABLE in 0.6 s; 60 s post budget -> REACHABLE,,
WWEST-targeted-F3Xt-00030/cylinder,WWEST-targeted-F3Xt-00030,cylinder,F3-targeted,POST-TIMEOUT,genuine,1,gmc/results/aerial3dg/f5/fig/WWEST-targeted-F3Xt-00030_cylinder.png,120 s alarm inside shortcut (post-processing: shortcut 48 accepts 119 s); verdict-only UNKNOWN in 1.0 s; 60 s post budget -> REACHABLE,,
WWEST-targeted-F3Xt-00036/cylinder,WWEST-targeted-F3Xt-00036,cylinder,F3-targeted,POST-TIMEOUT,genuine,1,gmc/results/aerial3dg/f5/fig/WWEST-targeted-F3Xt-00036_cylinder.png,"120 s alarm inside shortcut (post-processing: shortcut 35 accepts 116 s, tighten 218 accepts 4 s); verdict-only UNKNOWN in 2.9 s; 60 s post budget -> REACHABLE",,
WWEST-targeted-F3Xt-00045/cylinder,WWEST-targeted-F3Xt-00045,cylinder,F3-targeted,POST-TIMEOUT,genuine,1,gmc/results/aerial3dg/f5/fig/WWEST-targeted-F3Xt-00045_cylinder.png,"120 s alarm inside shortcut (post-processing: shortcut 112 accepts 113 s, tighten 644 accepts 6 s); verdict-only REACHABLE in 3.2 s; 60 s post budget -> REACHABLE",,
WWEST-targeted-F3Xt-00065/cylinder,WWEST-targeted-F3Xt-00065,cylinder,F3-targeted,POST-TIMEOUT,genuine,1,gmc/results/aerial3dg/f5/fig/WWEST-targeted-F3Xt-00065_cylinder.png,"120 s alarm inside shortcut (post-processing: shortcut 72 accepts 114 s, tighten 445 accepts 5 s); verdict-only UNKNOWN in 0.9 s; 60 s post budget -> REACHABLE",,
WWEST-targeted-F3Xt-00073/cylinder,WWEST-targeted-F3Xt-00073,cylinder,F3-targeted,POST-TIMEOUT,genuine,1,gmc/results/aerial3dg/f5/fig/WWEST-targeted-F3Xt-00073_cylinder.png,"120 s alarm inside shortcut (post-processing: shortcut 57 accepts 99 s, tighten 581 accepts 21 s); verdict-only UNKNOWN in 3.3 s; 60 s post budget -> REACHABLE",,
GAPW1-pilot-F3W-00095/cylinder,GAPW1-pilot-F3W-00095,cylinder,F3-targeted,EP-FLOOR,by-tolerance,1,gmc/results/aerial3dg/f5/fig/GAPW1-pilot-F3W-00095_cylinder.png,start is 1.25 mm clear of floor splat 5371648 (2σ top 18.75 mm); GMC's refined gap 0.255 mm ≤ buffer 1 mm + slack -> no endpoint cell,,
GAPW1-pilot-F3W-00142/cylinder,GAPW1-pilot-F3W-00142,cylinder,F3-targeted,EP-FLOOR,by-tolerance,1,gmc/results/aerial3dg/f5/fig/GAPW1-pilot-F3W-00142_cylinder.png,goal is 1.07 mm clear of floor splat 5371715 (2σ top 18.92 mm); GMC's refined gap 0.077 mm ≤ buffer 1 mm + slack -> no endpoint cell,,
GAPW1-targeted-F3Wt-00000/cylinder,GAPW1-targeted-F3Wt-00000,cylinder,F3-targeted,EP-FLOOR,by-tolerance,1,gmc/results/aerial3dg/f5/fig/GAPW1-targeted-F3Wt-00000_cylinder.png,goal is 2.01 mm clear of floor splat 5337920 (2σ top 18.04 mm); GMC's refined gap 0.962 mm ≤ buffer 1 mm + slack -> no endpoint cell,,
WWEST-pilot-F3X-00163/cylinder,WWEST-pilot-F3X-00163,cylinder,F3-targeted,EP-FLOOR,by-tolerance,1,gmc/results/aerial3dg/f5/fig/WWEST-pilot-F3X-00163_cylinder.png,goal is 1.95 mm clear of floor splat 5337920 (2σ top 18.04 mm); GMC's refined gap 0.962 mm ≤ buffer 1 mm + slack -> no endpoint cell,,
