当前纯解析版本必须测的量,sweeper · P1_lamp（G1 测量）,cylinder · P1_lamp（G1 测量）,sweeper · P2_both（G1 测量）,cylinder · P2_both（G1 测量）,sweeper · 5000 对（G2 全量，G3 汇总）,cylinder · 5000 对（G2 全量，G3 汇总）
实验设置｜代码版本 / Git commit,版本：aerial3d ground (G1)；commit：cd182301d8,版本：aerial3d ground (G1)；commit：cd182301d8,版本：aerial3d ground (G1)；commit：cd182301d8,版本：aerial3d ground (G1)；commit：cd182301d8,版本：aerial3d ground（G2 批量查询 + G3 分析）；commit：编译 cd18230（G1，同一 .a3c），查询 2cb9108…3d90de9 （gmc/src 与 runner 自 cd18230 未改），分析 experiments/aerial3dg_analyze.py（G3）,版本：aerial3d ground（G2 批量查询 + G3 分析）；commit：编译 cd18230（G1，同一 .a3c），查询 2cb9108…3d90de9 （gmc/src 与 runner 自 cd18230 未改），分析 experiments/aerial3dg_analyze.py（G3）
实验设置｜运行日期,2026-09-28,2026-09-28,2026-09-28,2026-09-28,2026-09-28,2026-09-28
实验设置｜硬件与运行环境,CPU：cs603.hpc.nyu.edu（Slurm cpu_short，2 核分配，查询单线程）；GPU：无；RAM：作业申请 10G；OS：Linux (RHEL) / Python 3.13.5,CPU：cs603.hpc.nyu.edu（Slurm cpu_short，2 核分配，查询单线程）；GPU：无；RAM：作业申请 10G；OS：Linux (RHEL) / Python 3.13.5,CPU：cs603.hpc.nyu.edu（Slurm cpu_short，2 核分配，查询单线程）；GPU：无；RAM：作业申请 10G；OS：Linux (RHEL) / Python 3.13.5,CPU：cs603.hpc.nyu.edu（Slurm cpu_short，2 核分配，查询单线程）；GPU：无；RAM：作业申请 10G；OS：Linux (RHEL) / Python 3.13.5,CPU：Torch cpu_short 节点（每数组任务 1 核，查询单线程）；GPU：无；RAM：任务申请 1.5 GB，实测峰值 0.64 GB；OS：Linux (RHEL) / Python 3.13.5,CPU：Torch cpu_short 节点（每数组任务 1 核，查询单线程）；GPU：无；RAM：任务申请 2.2 GB，实测峰值 1.04 GB；OS：Linux (RHEL) / Python 3.13.5
实验设置｜每个配置的 warm-up 次数与正式重复次数,Warm-up：0 次（首次调用即 cold）；正式运行：1 cold + 3 warm （同一内存编译） + 1 次从磁盘重载后的查询,Warm-up：0 次（首次调用即 cold）；正式运行：1 cold + 3 warm （同一内存编译） + 1 次从磁盘重载后的查询,Warm-up：0 次（首次调用即 cold）；正式运行：1 cold + 1 warm （同一内存编译） + 1 次从磁盘重载后的查询,Warm-up：0 次（首次调用即 cold）；正式运行：1 cold + 1 warm （同一内存编译） + 1 次从磁盘重载后的查询,Warm-up：0 次；正式运行：每对 1 次查询（5000 对），全部在同一个持久化编译上（10 个数组任务各加载一次）,Warm-up：0 次；正式运行：每对 1 次查询（5000 对），全部在同一个持久化编译上（10 个数组任务各加载一次）
实验设置｜场景名称 / 场景编号,"uavlamp_gallery_booth_v2（展厅 3DGS + 灯/隔断），route 盒 u[-9.0,3.7] v[-0.35,2.75] m","uavlamp_gallery_booth_v2（展厅 3DGS + 灯/隔断），route 盒 u[-9.0,3.7] v[-0.35,2.75] m","uavlamp_gallery_booth_v2（展厅 3DGS + 灯/隔断），route 盒 u[-9.0,3.7] v[-0.35,2.75] m","uavlamp_gallery_booth_v2（展厅 3DGS + 灯/隔断），route 盒 u[-9.0,3.7] v[-0.35,2.75] m","uavlamp_gallery_booth_v2（展厅 3DGS + 灯/隔断），route 盒 u[-9.0,3.7] v[-0.35,2.75] m（与 G1 演示同一编译盒）","uavlamp_gallery_booth_v2（展厅 3DGS + 灯/隔断），route 盒 u[-9.0,3.7] v[-0.35,2.75] m（与 G1 演示同一编译盒）"
实验设置｜场景 Gaussian 数量,"N_G = 7,107,732（全档案）；裁剪到盒内 582,372；本机器人候选 pair 11,906","N_G = 7,107,732（全档案）；裁剪到盒内 582,372；本机器人候选 pair 252,257","N_G = 7,107,732（全档案）；裁剪到盒内 582,372；本机器人候选 pair 11,906","N_G = 7,107,732（全档案）；裁剪到盒内 582,372；本机器人候选 pair 252,257","N_G = 7,107,732（全档案）；裁剪到盒内 582,372；本机器人候选 pair 11,906","N_G = 7,107,732（全档案）；裁剪到盒内 582,372；本机器人候选 pair 252,257"
实验设置｜Start 与 End,"Start：route [2.3, 1.8]（z_c 0.060）；End：route [-1.5, 1.1]；直线距离：3.864 m","Start：route [2.3, 1.8]（z_c 0.885）；End：route [-1.5, 1.1]；直线距离：3.864 m","Start：route [-5.3, 1.1]（z_c 0.060）；End：route [-2.1, 0.7]；直线距离：3.225 m","Start：route [-5.3, 1.1]（z_c 0.885）；End：route [-2.1, 0.7]；直线距离：3.225 m",Start / End：5000 对，种子 20260928，走廊盒内均匀抽样，两端点对两种机器人都 gs3d-oracle free；直线距离 min 3.00 / 中位 5.33 / max 11.62 m（起终点不重合）,Start / End：5000 对，种子 20260928，走廊盒内均匀抽样，两端点对两种机器人都 gs3d-oracle free；直线距离 min 3.00 / 中位 5.33 / max 11.62 m（起终点不重合）
实验设置｜机器人名称与几何参数,机器人：sweeper；宽：0.350 m；长：0.350 m；高：0.080 m；其他参数：圆柱体 r=0.175，离地 0.02 m，margin 0.001 m，ground_unicycle,机器人：cylinder；宽：0.600 m；长：0.600 m；高：1.730 m；其他参数：圆柱体 r=0.3，离地 0.02 m，margin 0.001 m，ground_unicycle,机器人：sweeper；宽：0.350 m；长：0.350 m；高：0.080 m；其他参数：圆柱体 r=0.175，离地 0.02 m，margin 0.001 m，ground_unicycle,机器人：cylinder；宽：0.600 m；长：0.600 m；高：1.730 m；其他参数：圆柱体 r=0.3，离地 0.02 m，margin 0.001 m，ground_unicycle,机器人：sweeper；宽：0.350 m；长：0.350 m；高：0.080 m；其他参数：圆柱体 r=0.175，离地 0.02 m，margin 0.001 m，ground_unicycle,机器人：cylinder；宽：0.600 m；长：0.600 m；高：1.730 m；其他参数：圆柱体 r=0.3，离地 0.02 m，margin 0.001 m，ground_unicycle
时间｜单次完整规划总时间（cold start）,Median：26.355 s；P95：N/A（n=1；= 编译 26.10 s + 冷查询 0.257 s，不含档案加载/裁剪 2.9 s）,Median：70.709 s；P95：N/A（n=1；= 编译 70.68 s + 冷查询 0.025 s，不含档案加载/裁剪 2.1 s）,Median：26.788 s；P95：N/A（n=1；= 编译 26.10 s + 冷查询 0.690 s，不含档案加载/裁剪 2.9 s）,Median：73.489 s；P95：N/A（n=1；= 编译 70.68 s + 冷查询 2.805 s，不含档案加载/裁剪 2.1 s）,每对 N/A：冷启动每个机器人只发生一次 = 档案加载/裁剪 2.9 s + 编译 26.1 s（同 compile_id 另一次 18.6 s）；5000 对摊销到每对：1.125 s,每对 N/A：冷启动每个机器人只发生一次 = 档案加载/裁剪 2.1 s + 编译 70.7 s（同 compile_id 另一次 50.7 s）；5000 对摊销到每对：0.122 s
时间｜单次完整规划总时间（已有场景结构后的 warm query）,Median：0.249 s；P95：0.249 s（n=3）,Median：0.021 s；P95：0.021 s（n=3）,Median：0.679 s；P95：0.679 s（n=1）,Median：2.799 s；P95：2.799 s（n=1）,Median：0.651 s；P95：3.655 s（n=5000，同一编译，含查询内自有验证与共享 gs3d 重放）,Median：0.050 s；P95：0.182 s（n=5000，同一编译，含查询内自有验证与共享 gs3d 重放）
时间｜场景层级结构 / BVH 构建耗时,1.725 s；占总时间 6.5%（gs3d PreparedScene：协方差校验 + BVH）,1.677 s；占总时间 2.4%（gs3d PreparedScene：协方差校验 + BVH）,1.725 s；占总时间 6.4%（gs3d PreparedScene：协方差校验 + BVH）,1.677 s；占总时间 2.3%（gs3d PreparedScene：协方差校验 + BVH）,1.725 s（5000 对合计；每对 0.345 ms）；占总时间 0.03%（编译时一次，scene_prepare）,1.677 s（5000 对合计；每对 0.335 ms）；占总时间 0.28%（编译时一次，scene_prepare）
时间｜scene–robot 候选 Gaussian pair 生成耗时,0.577 s；占总时间 2.2%,0.728 s；占总时间 1.0%,0.577 s；占总时间 2.2%,0.728 s；占总时间 1.0%,0.577 s（5000 对合计；每对 0.115 ms）；占总时间 0.01%（编译时一次）,0.728 s（5000 对合计；每对 0.146 ms）；占总时间 0.12%（编译时一次）
时间｜scene–robot 精确几何交互 / 碰撞计算耗时,0.199 s；占总时间 0.8%（支撑函数包络表 + 夹逼审计）,0.876 s；占总时间 1.2%（支撑函数包络表 + 夹逼审计）,0.199 s；占总时间 0.7%（支撑函数包络表 + 夹逼审计）,0.876 s；占总时间 1.2%（支撑函数包络表 + 夹逼审计）,0.199 s（5000 对合计；每对 0.040 ms）；占总时间 0.00%（编译时一次：支撑函数包络表 + 夹逼审计）,0.876 s（5000 对合计；每对 0.175 ms）；占总时间 0.14%（编译时一次：支撑函数包络表 + 夹逼审计）
时间｜自由 / 碰撞状态或 configuration-space domain 构建耗时,23.428 s；占总时间 88.9%（octree 标注 16.296 s + 凸自由胞/portal 7.132 s）,67.251 s；占总时间 95.1%（octree 标注 19.775 s + 凸自由胞/portal 47.476 s）,23.428 s；占总时间 87.5%（octree 标注 16.296 s + 凸自由胞/portal 7.132 s）,67.251 s；占总时间 91.5%（octree 标注 19.775 s + 凸自由胞/portal 47.476 s）,23.428 s（5000 对合计；每对 4.686 ms）；占总时间 0.42%（编译时一次：octree 16.3 s + 凸胞/portal 7.1 s）,67.251 s（5000 对合计；每对 13.450 ms）；占总时间 11.06%（编译时一次：octree 19.8 s + 凸胞/portal 47.5 s）
时间｜自适应 refinement 耗时,N/A（无独立 refinement 轮；octree 节点内的方向自适应细化已计入上一行）,N/A（无独立 refinement 轮；octree 节点内的方向自适应细化已计入上一行）,N/A（无独立 refinement 轮；octree 节点内的方向自适应细化已计入上一行）,N/A（无独立 refinement 轮；octree 节点内的方向自适应细化已计入上一行）,N/A（无独立 refinement 轮）,N/A（无独立 refinement 轮）
时间｜规划结构 / graph / operator 组装耗时,0.070 s；占总时间 0.3%（possible 连通图；portal 在 cells 阶段内）,0.065 s；占总时间 0.1%（possible 连通图；portal 在 cells 阶段内）,0.070 s；占总时间 0.3%（possible 连通图；portal 在 cells 阶段内）,0.065 s；占总时间 0.1%（possible 连通图；portal 在 cells 阶段内）,0.070 s（5000 对合计；每对 0.014 ms）；占总时间 0.00%（编译时一次；portal 在凸胞阶段内）,0.065 s（5000 对合计；每对 0.013 ms）；占总时间 0.01%（编译时一次；portal 在凸胞阶段内）
时间｜factorization / preconditioner setup 耗时,N/A（无线性求解）,N/A（无线性求解）,N/A（无线性求解）,N/A（无线性求解）,N/A（无线性求解）,N/A（无线性求解）
时间｜全局求解 / 图搜索 / 数值求解耗时,0.063 s；占总时间 0.2%（portal 图 A*）,0.000 s；占总时间 0.0%（portal 图 A*）,0.106 s；占总时间 0.4%（portal 图 A*）,0.135 s；占总时间 0.2%（portal 图 A*）,419.776 s（5000 对合计；每对 83.955 ms）；占总时间 7.46%（每对查询：portal 图 A*）,218.506 s（5000 对合计；每对 43.701 ms）；占总时间 35.93%（每对查询：portal 图 A*）
时间｜路径提取耗时,0.135 s；占总时间 0.5%,0.000 s；占总时间 0.0%,0.542 s；占总时间 2.0%,2.565 s；占总时间 3.5%,4917.258 s（5000 对合计；每对 983.452 ms）；占总时间 87.38%（每对查询）,105.815 s（5000 对合计；每对 21.163 ms）；占总时间 17.40%（每对查询）
时间｜最终连续碰撞检查与路径验证耗时,0.029 s；占总时间 0.1%（自有验证 0.003 s + 共享 gs3d 重放 0.026 s）,0.000 s；占总时间 0.0%（自有验证 0.000 s + 共享 gs3d 重放 0.000 s）,0.018 s；占总时间 0.1%（自有验证 0.002 s + 共享 gs3d 重放 0.016 s）,0.086 s；占总时间 0.1%（自有验证 0.041 s + 共享 gs3d 重放 0.045 s）,148.853 s（5000 对合计；每对 29.771 ms）；占总时间 2.65%（每对查询）,7.037 s（5000 对合计；每对 1.407 ms）；占总时间 1.16%（每对查询）
时间｜其他未归类耗时,0.009 s；占总时间 0.0%（端点定位；不可达时含割证书）,0.025 s；占总时间 0.0%（端点定位；不可达时含割证书）,0.004 s；占总时间 0.0%（端点定位；不可达时含割证书）,0.002 s；占总时间 0.0%（端点定位；不可达时含割证书）,22.731 s（5000 对合计；每对 4.546 ms）；占总时间 0.40%（端点定位 + 不可达割证书 + 10 次加载持久化编译）,116.004 s（5000 对合计；每对 23.201 ms）；占总时间 19.07%（端点定位 + 不可达割证书 + 10 次加载持久化编译）
时间｜各阶段耗时之和与总时间的差值,0.119 s；差值占总时间 0.5%,0.087 s；差值占总时间 0.1%,0.119 s；差值占总时间 0.4%,0.102 s；差值占总时间 0.1%,92.720 s；差值占总时间 1.65%（总时间 = 1 次编译 + 10 次加载 + 5000 次查询墙钟 = 5627.3 s；差值 = 查询内未分阶段的部分 + 调用外层开销 + 编译里未单列的阶段）,90.223 s；差值占总时间 14.83%（总时间 = 1 次编译 + 10 次加载 + 5000 次查询墙钟 = 608.2 s；差值 = 查询内未分阶段的部分 + 调用外层开销 + 编译里未单列的阶段）
时间｜当前最耗时阶段,阶段：octree；耗时：16.296 s；占总时间：61.8%,阶段：cells；耗时：47.476 s；占总时间：67.1%,阶段：octree；耗时：16.296 s；占总时间：60.8%,阶段：cells；耗时：47.476 s；占总时间：64.6%,阶段：路径提取（lifting+shortcut+tighten）；耗时：4917.3 s；占总时间：87.4%,阶段：portal A*；耗时：218.5 s；占总时间：35.9%
计算量｜单次规划 collision / contact 查询次数,自有验证 pair 检查 7 次；共享重放 oracle edge 检查 24 次,自有验证 pair 检查 0 次；共享重放 oracle edge 检查 n/a 次,自有验证 pair 检查 4 次；共享重放 oracle edge 检查 22 次,自有验证 pair 检查 5 次；共享重放 oracle edge 检查 23 次,未逐对记录（G2 行只记阶段时间；单对数字见 G1 演示列）,未逐对记录（G2 行只记阶段时间；单对数字见 G1 演示列）
计算量｜scene–robot 候选 Gaussian pair 数量,"Candidate pairs：11,906","Candidate pairs：252,257","Candidate pairs：11,906","Candidate pairs：252,257","Candidate pairs：11,906","Candidate pairs：252,257"
计算量｜scene–robot 实际有效 Gaussian pair 数量,Active pairs：563（作为自由胞支撑面或 BLOCKED 叶证书的 pair）,"Active pairs：1,038（作为自由胞支撑面或 BLOCKED 叶证书的 pair）",Active pairs：563（作为自由胞支撑面或 BLOCKED 叶证书的 pair）,"Active pairs：1,038（作为自由胞支撑面或 BLOCKED 叶证书的 pair）",Active pairs：563（作为自由胞支撑面或 BLOCKED 叶证书的 pair）,"Active pairs：1,038（作为自由胞支撑面或 BLOCKED 叶证书的 pair）"
计算量｜有效 pair 比例,Active / Candidate：4.7%,Active / Candidate：0.4%,Active / Candidate：4.7%,Active / Candidate：0.4%,Active / Candidate：4.7%,Active / Candidate：0.4%
计算量｜broad-phase 剪枝比例,"98.0%（盒内 opacity>tau 的 582,372 个中被 z 窗/域剪掉 570,466）","56.7%（盒内 opacity>tau 的 582,372 个中被 z 窗/域剪掉 330,115）","98.0%（盒内 opacity>tau 的 582,372 个中被 z 窗/域剪掉 570,466）","56.7%（盒内 opacity>tau 的 582,372 个中被 z 窗/域剪掉 330,115）","98.0%（盒内 opacity>tau 的 582,372 个中被 z 窗/域剪掉 570,466）","56.7%（盒内 opacity>tau 的 582,372 个中被 z 窗/域剪掉 330,115）"
计算量｜单次 collision / contact query 平均耗时,Mean：1.07 ms；P95：N/A（查询内共享 gs3d 重放耗时 / 边数）,N/A（无路径，无需重放）,Mean：0.72 ms；P95：N/A（查询内共享 gs3d 重放耗时 / 边数）,Mean：1.97 ms；P95：N/A（查询内共享 gs3d 重放耗时 / 边数）,未逐对记录,未逐对记录
计算量｜重复或近重复 collision / contact query 比例,N/A（未统计）,N/A（未统计）,N/A（未统计）,N/A（未统计）,N/A（未统计）,N/A（未统计）
计算量｜单次规划使用的 configuration states / 节点 / 网格数量,"octree 叶 22,743（SAFE 5,257 / BLOCKED 5,634 / UNKNOWN 11,852）；凸自由胞 330","octree 叶 20,116（SAFE 4,574 / BLOCKED 4,343 / UNKNOWN 11,199）；凸自由胞 250","octree 叶 22,743（SAFE 5,257 / BLOCKED 5,634 / UNKNOWN 11,852）；凸自由胞 330","octree 叶 20,116（SAFE 4,574 / BLOCKED 4,343 / UNKNOWN 11,199）；凸自由胞 250","octree 叶 22,743（SAFE 5,257 / BLOCKED 5,634 / UNKNOWN 11,852）；凸自由胞 330","octree 叶 20,116（SAFE 4,574 / BLOCKED 4,343 / UNKNOWN 11,199）；凸自由胞 250"
计算量｜orientation bins 数量,N/A（轴对称圆柱，yaw 不影响碰撞）,N/A（轴对称圆柱，yaw 不影响碰撞）,N/A（轴对称圆柱，yaw 不影响碰撞）,N/A（轴对称圆柱，yaw 不影响碰撞）,N/A（轴对称圆柱，yaw 不影响碰撞）,N/A（轴对称圆柱，yaw 不影响碰撞）
计算量｜单次规划使用的边数,"portal 15,763（图边）","portal 12,202（图边）","portal 15,763（图边）","portal 12,202（图边）","portal 15,763（图边）","portal 12,202（图边）"
计算量｜稀疏 operator 非零元素数量,N/A,N/A,N/A,N/A,N/A,N/A
计算量｜refinement 轮数,N/A,N/A,N/A,N/A,N/A,N/A
计算量｜solver 迭代次数,N/A（A* 图搜索，非迭代求解）,N/A（A* 图搜索，非迭代求解）,N/A（A* 图搜索，非迭代求解）,N/A（A* 图搜索，非迭代求解）,N/A（A* 图搜索，非迭代求解）,N/A（A* 图搜索，非迭代求解）
计算量｜峰值 CPU 内存,1.73 GB（作业 MaxRSS，含档案加载）；进程内编译后 1.35 GB,2.17 GB（作业 MaxRSS，含档案加载）；进程内编译后 1.35 GB,1.73 GB（作业 MaxRSS，含档案加载）；进程内编译后 1.35 GB,2.17 GB（作业 MaxRSS，含档案加载）；进程内编译后 1.35 GB,0.64 GB（数组任务：加载持久化编译 + 500 次查询，进程峰值）；编译作业见 G1 列,1.04 GB（数组任务：加载持久化编译 + 500 次查询，进程峰值）；编译作业见 G1 列
计算量｜峰值 GPU 显存,N/A,N/A,N/A,N/A,N/A,N/A
复用性｜同一场景、同一机器人，仅更换 start/end 后的总规划时间,Median：0.052 s；P95：2.359 s（筛选 120 对，同一编译）,Median：0.118 s；P95：1.433 s（筛选 120 对，同一编译）,Median：0.052 s；P95：2.359 s（筛选 120 对，同一编译）,Median：0.118 s；P95：1.433 s（筛选 120 对，同一编译）,Median：0.651 s；P95：3.655 s（5000 对，同一编译）,Median：0.050 s；P95：0.182 s（5000 对，同一编译）
复用性｜仅更换 start/end 时必须重新计算的阶段,端点定位、portal A*、路径提取、自有验证、共享 gs3d 重放（query）,端点定位、portal A*、路径提取、自有验证、共享 gs3d 重放（query）,端点定位、portal A*、路径提取、自有验证、共享 gs3d 重放（query）,端点定位、portal A*、路径提取、自有验证、共享 gs3d 重放（query）,端点定位、portal A*、路径提取、自有验证、共享 gs3d 重放（query）,端点定位、portal A*、路径提取、自有验证、共享 gs3d 重放（query）
复用性｜仅更换 start/end 时可以直接复用的阶段,scene_prepare(BVH)、pair 生成、包络表、octree、凸胞+portal、possible 图、审计（compile 全部）,scene_prepare(BVH)、pair 生成、包络表、octree、凸胞+portal、possible 图、审计（compile 全部）,scene_prepare(BVH)、pair 生成、包络表、octree、凸胞+portal、possible 图、审计（compile 全部）,scene_prepare(BVH)、pair 生成、包络表、octree、凸胞+portal、possible 图、审计（compile 全部）,scene_prepare(BVH)、pair 生成、包络表、octree、凸胞+portal、possible 图、审计（compile 全部）,scene_prepare(BVH)、pair 生成、包络表、octree、凸胞+portal、possible 图、审计（compile 全部）
复用性｜仅更换 start/end 时可复用计算占原 cold-start 时间比例,99.0%,100.0%,97.4%,96.2%,97.8%（(加载+编译) / (加载+编译+中位查询)）；5000 对实测：先编译后复用 1.56 h vs 每对重建 41.9 h（27×；重建时间 = 实测的单次加载+编译 × 5000）,99.9%（(加载+编译) / (加载+编译+中位查询)）；5000 对实测：先编译后复用 0.17 h vs 每对重建 101.2 h（599×；重建时间 = 实测的单次加载+编译 × 5000）
复用性｜相同 start/end 重复查询时的缓存命中率,编译产物 100% 复用（warm/重载调用中无任何编译阶段）；查询结果本身不缓存 → 0%；cold/warm/重载结果完全一致：True,编译产物 100% 复用（warm/重载调用中无任何编译阶段）；查询结果本身不缓存 → 0%；cold/warm/重载结果完全一致：True,编译产物 100% 复用（warm/重载调用中无任何编译阶段）；查询结果本身不缓存 → 0%；cold/warm/重载结果完全一致：True,编译产物 100% 复用（warm/重载调用中无任何编译阶段）；查询结果本身不缓存 → 0%；cold/warm/重载结果完全一致：True,编译产物 100% 复用（10/10 个数组任务 0 次编译、compile_id 唯一）；查询结果本身不缓存 → 0%；同一对在 G3 画廊作业里重跑，12 / 12 与 G2 结果逐字节相同,编译产物 100% 复用（10/10 个数组任务 0 次编译、compile_id 唯一）；查询结果本身不缓存 → 0%；同一对在 G3 画廊作业里重跑，12 / 12 与 G2 结果逐字节相同
机器人对比｜机器人 1 参数,名称：sweeper；宽：0.350 m；长：0.350 m；高：0.080 m；其他：离地 0.02 m，体带 0.02–0.10 m,名称：sweeper；宽：0.350 m；长：0.350 m；高：0.080 m；其他：离地 0.02 m，体带 0.02–0.10 m,名称：sweeper；宽：0.350 m；长：0.350 m；高：0.080 m；其他：离地 0.02 m，体带 0.02–0.10 m,名称：sweeper；宽：0.350 m；长：0.350 m；高：0.080 m；其他：离地 0.02 m，体带 0.02–0.10 m,名称：sweeper；宽：0.350 m；长：0.350 m；高：0.080 m；其他：离地 0.02 m，体带 0.02–0.10 m，r 0.175,同 sweeper 列（配对比较，同一 5000 对）
机器人对比｜机器人 1 规划结果,成功 / 无路径 / 超时：REACHABLE；路线类型：从灯下穿行（近直线，L/d 1.0003）；路径长度：3.865 m；规划时间：0.257 s（冷查询）；最小 clearance：0.0018 m,成功 / 无路径 / 超时：REACHABLE；路线类型：从灯下穿行（近直线，L/d 1.0003）；路径长度：3.865 m；规划时间：0.257 s（冷查询）；最小 clearance：0.0018 m,成功 / 无路径 / 超时：REACHABLE；路线类型：近直线，绕捕获物体小幅偏移（L/d 1.004）；路径长度：3.238 m；规划时间：0.690 s（冷查询）；最小 clearance：0.0020 m,成功 / 无路径 / 超时：REACHABLE；路线类型：近直线，绕捕获物体小幅偏移（L/d 1.004）；路径长度：3.238 m；规划时间：0.690 s（冷查询）；最小 clearance：0.0020 m,"成功 / 无路径 / 超时：4699 / 0 / 0（另 301 UNKNOWN）；路线类型：从灯下穿行 2783，穿 u≈−5.6 窄缝（v 中位 1.74）3139，经 (−2.34, 1.15–1.5) 窄道 2571；路径长度：中位 5.47 m（均值 6.01，P95 10.13）；规划时间：中位 0.651 s（P95 3.655）；最小 clearance：中位 0.0014 m，最小 0.0010 m",同 sweeper 列（配对比较，同一 5000 对）
机器人对比｜机器人 2 参数,名称：cylinder；宽：0.600 m；长：0.600 m；高：1.730 m；其他：离地 0.02 m，体带 0.02–1.75 m,名称：cylinder；宽：0.600 m；长：0.600 m；高：1.730 m；其他：离地 0.02 m，体带 0.02–1.75 m,名称：cylinder；宽：0.600 m；长：0.600 m；高：1.730 m；其他：离地 0.02 m，体带 0.02–1.75 m,名称：cylinder；宽：0.600 m；长：0.600 m；高：1.730 m；其他：离地 0.02 m，体带 0.02–1.75 m,名称：cylinder；宽：0.600 m；长：0.600 m；高：1.730 m；其他：离地 0.02 m，体带 0.02–1.75 m，r 0.30,同 sweeper 列（配对比较，同一 5000 对）
机器人对比｜机器人 2 规划结果,成功 / 无路径 / 超时：UNREACHABLE；路线类型：无路径：认证不可达（灯+隔断在 1.07 m 以上横跨整个走廊）；路径长度：nan m；规划时间：0.025 s（冷查询）；最小 clearance：nan m,成功 / 无路径 / 超时：UNREACHABLE；路线类型：无路径：认证不可达（灯+隔断在 1.07 m 以上横跨整个走廊）；路径长度：nan m；规划时间：0.025 s（冷查询）；最小 clearance：nan m,成功 / 无路径 / 超时：REACHABLE；路线类型：绕捕获物体更宽的绕行（L/d 1.031）；路径长度：3.324 m；规划时间：2.805 s（冷查询）；最小 clearance：0.0014 m,成功 / 无路径 / 超时：REACHABLE；路线类型：绕捕获物体更宽的绕行（L/d 1.031）；路径长度：3.324 m；规划时间：2.805 s（冷查询）；最小 clearance：0.0014 m,"成功 / 无路径 / 超时：73 / 2928（认证）/ 0（另 1999 UNKNOWN：1587 个在 u≈−5.6 处未认证，其余端点未认证）；路线类型：可达路线 0 条穿灯、0 条穿 u≈−5.6、0 条经 (−2.34, 1.3) 窄道；与 sweeper 路线 Hausdorff > 0.5 m 的绕行 24 / 73；路径长度：中位 3.45 m（均值 3.46）；规划时间：中位 0.050 s（P95 0.182）；最小 clearance：中位 0.0013 m，最小 0.0010 m",同 sweeper 列（配对比较，同一 5000 对）
机器人对比｜机器人 3 参数,名称：uav；宽：0.50 m；长：0.50 m；高：0.20 m；其他：本阶段未运行（UAV 见 uavconn 分支）,名称：uav；宽：0.50 m；长：0.50 m；高：0.20 m；其他：本阶段未运行（UAV 见 uavconn 分支）,名称：uav；宽：0.50 m；长：0.50 m；高：0.20 m；其他：本阶段未运行（UAV 见 uavconn 分支）,名称：uav；宽：0.50 m；长：0.50 m；高：0.20 m；其他：本阶段未运行（UAV 见 uavconn 分支）,名称：uav；宽：0.50 m；长：0.50 m；高：0.20 m；其他：本链未运行（UAV 结果见 uavconn 分支）,同 sweeper 列（配对比较，同一 5000 对）
机器人对比｜机器人 3 规划结果,本阶段未运行,本阶段未运行,本阶段未运行,本阶段未运行,本链未运行,同 sweeper 列（配对比较，同一 5000 对）
机器人对比｜同一场景、同一 start/end，更换机器人后的总规划时间,机器人 1：26.35 s；机器人 2：70.71 s；机器人 3：未运行（编译 + 冷查询）,机器人 1：26.35 s；机器人 2：70.71 s；机器人 3：未运行（编译 + 冷查询）,机器人 1：26.79 s；机器人 2：73.49 s；机器人 3：未运行（编译 + 冷查询）,机器人 1：26.79 s；机器人 2：73.49 s；机器人 3：未运行（编译 + 冷查询）,机器人 1：0.651 s；机器人 2：0.050 s；机器人 3：未运行（每对查询中位数，5000 对，各自同一编译；编译各一次）,同 sweeper 列（配对比较，同一 5000 对）
机器人对比｜更换机器人后重新构建 scene–robot planning representation 的时间,机器人 1→2：70.68 s；机器人 2→3：未运行；机器人 1→3：未运行,机器人 1→2：70.68 s；机器人 2→3：未运行；机器人 1→3：未运行,机器人 1→2：70.68 s；机器人 2→3：未运行；机器人 1→3：未运行,机器人 1→2：70.68 s；机器人 2→3：未运行；机器人 1→3：未运行,机器人 1→2：70.7 s（cylinder 编译；同 compile_id 另一次测得 50.7 s）；机器人 2→3：未运行；机器人 1→3：未运行,同 sweeper 列（配对比较，同一 5000 对）
机器人对比｜更换机器人时必须从头重新计算的阶段,pair 生成、包络表、octree、凸胞+portal、possible 图、审计（依赖 r、半高、z 窗）,pair 生成、包络表、octree、凸胞+portal、possible 图、审计（依赖 r、半高、z 窗）,pair 生成、包络表、octree、凸胞+portal、possible 图、审计（依赖 r、半高、z 窗）,pair 生成、包络表、octree、凸胞+portal、possible 图、审计（依赖 r、半高、z 窗）,pair 生成、包络表、octree、凸胞+portal、possible 图、审计（依赖 r、半高、z 窗）,pair 生成、包络表、octree、凸胞+portal、possible 图、审计（依赖 r、半高、z 窗）
机器人对比｜更换机器人时可直接复用的阶段,档案加载+裁剪、scene_prepare（PreparedScene/BVH，传入 prepared= 即可复用）,档案加载+裁剪、scene_prepare（PreparedScene/BVH，传入 prepared= 即可复用）,档案加载+裁剪、scene_prepare（PreparedScene/BVH，传入 prepared= 即可复用）,档案加载+裁剪、scene_prepare（PreparedScene/BVH，传入 prepared= 即可复用）,档案加载+裁剪、scene_prepare（PreparedScene/BVH，传入 prepared= 即可复用）,档案加载+裁剪、scene_prepare（PreparedScene/BVH，传入 prepared= 即可复用）
机器人对比｜更换机器人时可复用计算占原总计算量比例,6.5%（仅 scene_prepare；不含档案加载）,2.4%（仅 scene_prepare；不含档案加载）,6.4%（仅 scene_prepare；不含档案加载）,2.3%（仅 scene_prepare；不含档案加载）,6.5%（仅 scene_prepare；不含档案加载）,2.4%（仅 scene_prepare；不含档案加载）
机器人对比｜连续完成三种机器人规划所需总时间,97.06 s（两种；UAV 未运行）,97.06 s（两种；UAV 未运行）,100.28 s（两种；UAV 未运行）,100.28 s（两种；UAV 未运行）,两种机器人 × 5000 对：实测 1.70 CPU-h（sweeper 1.55 + cylinder 0.15；每个机器人 1 次编译），墙钟 34 min（数组并行）；UAV 未运行,同 sweeper 列（配对比较，同一 5000 对）
机器人对比｜三种机器人是否得到不同路径,是 / 否：是；差异描述：sweeper 从灯下穿过；cylinder 的直线在 57/241 个采样点被灯的 pair 认证 BLOCKED，且无绕行（北侧口袋封闭），返回认证不可达,是 / 否：是；差异描述：sweeper 从灯下穿过；cylinder 的直线在 57/241 个采样点被灯的 pair 认证 BLOCKED，且无绕行（北侧口袋封闭），返回认证不可达,是 / 否：是（轻微）；差异描述：都绕开同一组捕获物体；cylinder 半径 0.30 m 使其离物体更远，路线长 0.086 m，最大横向偏差见报告,是 / 否：是（轻微）；差异描述：都绕开同一组捕获物体；cylinder 半径 0.30 m 使其离物体更远，路线长 0.086 m，最大横向偏差见报告,"是 / 否：是；差异描述：(1) 跨灯的 2928 对里 cylinder 全部认证不可达，sweeper 2783 对从灯下穿过；(2) 两者都可达的 73 对里 15 对满足 G1 预注册的“sweeper 直穿（L≤1.02d）/cylinder 绕行（L≥1.05d）”，其中 13 对 sweeper 从 (−2.34, 1.3) 处地面斑块北侧的窄道穿过，cylinder 绕到斑块南侧（v≈0.45）；(3) 跨 u≈−5.6 的对里 sweeper 从 v≈1.74 窄缝穿过，cylinder 无一可达",同 sweeper 列（配对比较，同一 5000 对）
机器人对比｜三种机器人得到完全相同路径的比例（多组 start/end）,0 / 6；0%（仅两种机器人，都可达的 6 对中路线偏差 < 1 cm）（筛选 screen3：80 对，按 thread/lamp/other 分桶抽样，非均匀；不是 5000 对结果）,0 / 6；0%（仅两种机器人，都可达的 6 对中路线偏差 < 1 cm）（筛选 screen3：80 对，按 thread/lamp/other 分桶抽样，非均匀；不是 5000 对结果）,0 / 6；0%（仅两种机器人，都可达的 6 对中路线偏差 < 1 cm）（筛选 screen3：80 对，按 thread/lamp/other 分桶抽样，非均匀；不是 5000 对结果）,0 / 6；0%（仅两种机器人，都可达的 6 对中路线偏差 < 1 cm）（筛选 screen3：80 对，按 thread/lamp/other 分桶抽样，非均匀；不是 5000 对结果）,13 / 5000；0.26%（两种机器人；路线 Hausdorff < 1 cm；两者都可达的 73 对中占 17.8%）,同 sweeper 列（配对比较，同一 5000 对）
机器人对比｜更换机器人后可达 / 不可达结论发生变化的比例,10 / 80；12.5%（sweeper 可达、cylinder 认证不可达）；另 61 / 80 cylinder 为 UNKNOWN（筛选 screen3：80 对，按 thread/lamp/other 分桶抽样，非均匀；不是 5000 对结果）,10 / 80；12.5%（sweeper 可达、cylinder 认证不可达）；另 61 / 80 cylinder 为 UNKNOWN（筛选 screen3：80 对，按 thread/lamp/other 分桶抽样，非均匀；不是 5000 对结果）,10 / 80；12.5%（sweeper 可达、cylinder 认证不可达）；另 61 / 80 cylinder 为 UNKNOWN（筛选 screen3：80 对，按 thread/lamp/other 分桶抽样，非均匀；不是 5000 对结果）,10 / 80；12.5%（sweeper 可达、cylinder 认证不可达）；另 61 / 80 cylinder 为 UNKNOWN（筛选 screen3：80 对，按 thread/lamp/other 分桶抽样，非均匀；不是 5000 对结果）,4626 / 5000；92.5%（一方 REACHABLE、另一方不是；其中认证的 可达↔不可达 2783 对，55.7%）,同 sweeper 列（配对比较，同一 5000 对）
机器人对比｜更换机器人后主要路线发生变化的比例,0 / 6；0%（换走廊/换通道意义上的主要路线变化：无；5/6 对 cylinder 在同一走廊内绕得更宽，最大横向偏差 0.13–0.16 m）（筛选 screen3：80 对，按 thread/lamp/other 分桶抽样，非均匀；不是 5000 对结果）,0 / 6；0%（换走廊/换通道意义上的主要路线变化：无；5/6 对 cylinder 在同一走廊内绕得更宽，最大横向偏差 0.13–0.16 m）（筛选 screen3：80 对，按 thread/lamp/other 分桶抽样，非均匀；不是 5000 对结果）,0 / 6；0%（换走廊/换通道意义上的主要路线变化：无；5/6 对 cylinder 在同一走廊内绕得更宽，最大横向偏差 0.13–0.16 m）（筛选 screen3：80 对，按 thread/lamp/other 分桶抽样，非均匀；不是 5000 对结果）,0 / 6；0%（换走廊/换通道意义上的主要路线变化：无；5/6 对 cylinder 在同一走廊内绕得更宽，最大横向偏差 0.13–0.16 m）（筛选 screen3：80 对，按 thread/lamp/other 分桶抽样，非均匀；不是 5000 对结果）,"24 / 73；32.9%（两者都可达的对；路线 Hausdorff > 0.5 m；分布双峰：每 0.1 m 一档 [16, 33, 0, 0, 0, 0, 0, 15, 9, 0]，阈值取 0.2–0.7 m 之间任何值结果相同）",同 sweeper 列（配对比较，同一 5000 对）
机器人对比｜小机器人选择窄路捷径的比例,N/A（没有 cylinder 可绕行、sweeper 可穿的窄路对：u≈-5.6 的窄缝 cylinder 为 UNKNOWN，见报告）,N/A（没有 cylinder 可绕行、sweeper 可穿的窄路对：u≈-5.6 的窄缝 cylinder 为 UNKNOWN，见报告）,N/A（没有 cylinder 可绕行、sweeper 可穿的窄路对：u≈-5.6 的窄缝 cylinder 为 UNKNOWN，见报告）,N/A（没有 cylinder 可绕行、sweeper 可穿的窄路对：u≈-5.6 的窄缝 cylinder 为 UNKNOWN，见报告）,"15 / 73；20.5%（两者都可达的对中 sweeper 直穿、cylinder 绕行，G1 预注册规则；13 对经 (−2.34, 1.3) 窄道）；另：跨 u≈−5.6 的 3402 对中 sweeper 可达 3143 对（全部经 v≈1.74 窄缝）",同 sweeper 列（配对比较，同一 5000 对）
机器人对比｜大机器人避开无法通过窄路的比例,0 条 cylinder 可达路线穿过 u=-5.6 结构（应为 0）；该处 53 对给 UNKNOWN 而非错误可达（筛选 screen3：80 对，按 thread/lamp/other 分桶抽样，非均匀；不是 5000 对结果）,0 条 cylinder 可达路线穿过 u=-5.6 结构（应为 0）；该处 53 对给 UNKNOWN 而非错误可达（筛选 screen3：80 对，按 thread/lamp/other 分桶抽样，非均匀；不是 5000 对结果）,0 条 cylinder 可达路线穿过 u=-5.6 结构（应为 0）；该处 53 对给 UNKNOWN 而非错误可达（筛选 screen3：80 对，按 thread/lamp/other 分桶抽样，非均匀；不是 5000 对结果）,0 条 cylinder 可达路线穿过 u=-5.6 结构（应为 0）；该处 53 对给 UNKNOWN 而非错误可达（筛选 screen3：80 对，按 thread/lamp/other 分桶抽样，非均匀；不是 5000 对结果）,"13 / 13；100.0%（sweeper 走 (−2.34, 1.3) 窄道的 G1 规则对，cylinder 全部绕南侧）；cylinder 可达路线穿 u≈−5.6 窄缝 0 条：跨该处的 3402 对 cylinder 为认证不可达 1433、UNKNOWN 1969、可达 0（不是“避开后绕行”，是没有路线）",同 sweeper 列（配对比较，同一 5000 对）
机器人对比｜高机器人避开低矮通道的比例,10 / 10；100%（穿灯对：cylinder 全部认证不可达，灯+隔断从 1.07 m 起封死整个走廊；sweeper 10/10 从灯下通过）（筛选 screen3：80 对，按 thread/lamp/other 分桶抽样，非均匀；不是 5000 对结果）,10 / 10；100%（穿灯对：cylinder 全部认证不可达，灯+隔断从 1.07 m 起封死整个走廊；sweeper 10/10 从灯下通过）（筛选 screen3：80 对，按 thread/lamp/other 分桶抽样，非均匀；不是 5000 对结果）,10 / 10；100%（穿灯对：cylinder 全部认证不可达，灯+隔断从 1.07 m 起封死整个走廊；sweeper 10/10 从灯下通过）（筛选 screen3：80 对，按 thread/lamp/other 分桶抽样，非均匀；不是 5000 对结果）,10 / 10；100%（穿灯对：cylinder 全部认证不可达，灯+隔断从 1.07 m 起封死整个走廊；sweeper 10/10 从灯下通过）（筛选 screen3：80 对，按 thread/lamp/other 分桶抽样，非均匀；不是 5000 对结果）,2928 / 2928；100.0%（跨灯的对：cylinder 全部认证不可达——灯+隔断 1.07 m 以上横跨走廊，无绕行；sweeper 2783 / 2928 从灯下通过，其余 UNKNOWN）,同 sweeper 列（配对比较，同一 5000 对）
机器人对比｜相近尺寸机器人之间 collision / state 判断相同的比例,N/A（单对演示；见 5000 对列）,N/A（单对演示；见 5000 对列）,N/A（单对演示；见 5000 对列）,N/A（单对演示；见 5000 对列）,每对查询结论相同（同 500 对，任务 0 切片）：r=0.165：486 / 500（97.2%）；r=0.185：484 / 500（96.8%）；r=0.290：500 / 500（100.0%）；r=0.310：497 / 500（99.4%）（基准 r=0.175 / 0.30；±1 cm）,同 sweeper 列（配对比较，同一 5000 对）
机器人对比｜相近尺寸机器人之间 operator edge 相同的比例,N/A（单对演示；见 5000 对列）,N/A（单对演示；见 5000 对列）,N/A（单对演示；见 5000 对列）,N/A（单对演示；见 5000 对列）,N/A（每个半径各自编译出自己的凸胞与 portal，边之间没有一一对应，比例无定义；可比的量见上一行与下一行）,同 sweeper 列（配对比较，同一 5000 对）
机器人对比｜轻微改变机器人宽度 / 长度 / 高度后结果突然翻转的比例,N/A（单对演示；见 5000 对列）,N/A（单对演示；见 5000 对列）,N/A（单对演示；见 5000 对列）,N/A（单对演示；见 5000 对列）,r=0.165：14 / 500；2.8%（REACHABLE→UNKNOWN 4，UNKNOWN→REACHABLE 10），主要路线变化 24 / 465；r=0.185：16 / 500；3.2%（REACHABLE→UNKNOWN 6，UNKNOWN→REACHABLE 10），主要路线变化 1 / 463；r=0.290：0 / 500；0.0%（无），主要路线变化 0 / 12；r=0.310：3 / 500；0.6%（REACHABLE→UNKNOWN 2，UNREACHABLE→UNKNOWN 1），主要路线变化 0 / 10（半径 ±1 cm；高度未变）,同 sweeper 列（配对比较，同一 5000 对）
A–B 扩展｜测试距离档位,N/A（单对演示；见 5000 对列）,N/A（单对演示；见 5000 对列）,N/A（单对演示；见 5000 对列）,N/A（单对演示；见 5000 对列）,L1：3.0–4.0 m（n=1155）；L2：4.0–6.0 m（n=1825）；L3：6.0–8.0 m（n=1017）；L4：8.0–11.6 m（n=1003）,L1：3.0–4.0 m（n=1155）；L2：4.0–6.0 m（n=1825）；L3：6.0–8.0 m（n=1017）；L4：8.0–11.6 m（n=1003）
A–B 扩展｜不同距离下的总规划时间,N/A（单对演示；见 5000 对列）,N/A（单对演示；见 5000 对列）,N/A（单对演示；见 5000 对列）,N/A（单对演示；见 5000 对列）,L1：中位 0.546 / P95 1.949 s；L2：中位 0.442 / P95 2.276 s；L3：中位 0.512 / P95 3.802 s；L4：中位 1.531 / P95 5.660 s（每对查询；编译不随距离变）,L1：中位 0.130 / P95 0.532 s；L2：中位 0.120 / P95 0.187 s；L3：中位 0.048 / P95 0.146 s；L4：中位 0.046 / P95 0.058 s（每对查询；编译不随距离变）
A–B 扩展｜不同距离下的规划成功率,N/A（单对演示；见 5000 对列）,N/A（单对演示；见 5000 对列）,N/A（单对演示；见 5000 对列）,N/A（单对演示；见 5000 对列）,L1：95.1%；L2：94.8%；L3：93.8%；L4：91.4%,L1：6.3%；L2：0.0%；L3：0.0%；L4：0.0%
A–B 扩展｜不同距离下的输出路径长度,N/A（单对演示；见 5000 对列）,N/A（单对演示；见 5000 对列）,N/A（单对演示；见 5000 对列）,N/A（单对演示；见 5000 对列）,L1：中位 3.67 m；L2：中位 5.03 m；L3：中位 7.04 m；L4：中位 9.36 m,L1：中位 3.45 m；L2：— m；L3：— m；L4：— m
A–B 扩展｜不同距离下的 collision / contact 查询次数,N/A（单对演示；见 5000 对列）,N/A（单对演示；见 5000 对列）,N/A（单对演示；见 5000 对列）,N/A（单对演示；见 5000 对列）,未逐对记录,未逐对记录
A–B 扩展｜不同距离下的候选 / 有效 Gaussian pair 数量,N/A（单对演示；见 5000 对列）,N/A（单对演示；见 5000 对列）,N/A（单对演示；见 5000 对列）,N/A（单对演示；见 5000 对列）,"所有档位同一编译（与距离无关）：11,906 / 563","所有档位同一编译（与距离无关）：252,257 / 1,038"
A–B 扩展｜不同距离下的 configuration state / 节点数量,N/A（单对演示；见 5000 对列）,N/A（单对演示；见 5000 对列）,N/A（单对演示；见 5000 对列）,N/A（单对演示；见 5000 对列）,"所有档位同一编译（与距离无关）：octree 叶 22,743 / 凸胞 330","所有档位同一编译（与距离无关）：octree 叶 20,116 / 凸胞 250"
A–B 扩展｜不同距离下的 solver 迭代次数,N/A（单对演示；见 5000 对列）,N/A（单对演示；见 5000 对列）,N/A（单对演示；见 5000 对列）,N/A（单对演示；见 5000 对列）,N/A（A* 图搜索）,N/A（A* 图搜索）
A–B 扩展｜不同距离下的 refinement 轮数,N/A（单对演示；见 5000 对列）,N/A（单对演示；见 5000 对列）,N/A（单对演示；见 5000 对列）,N/A（单对演示；见 5000 对列）,N/A,N/A
A–B 扩展｜不同距离下的峰值内存,N/A（单对演示；见 5000 对列）,N/A（单对演示；见 5000 对列）,N/A（单对演示；见 5000 对列）,N/A（单对演示；见 5000 对列）,与距离无关：同一进程，任务峰值 0.64 GB,与距离无关：同一进程，任务峰值 1.04 GB
A–B 扩展｜不同距离下的失败类型,N/A（单对演示；见 5000 对列）,N/A（单对演示；见 5000 对列）,N/A（单对演示；见 5000 对列）,N/A（单对演示；见 5000 对列）,无路径误判：0（0 个 UNREACHABLE，在 oracle 点图中连通的 0 个）；超时：0；最终验证失败：L1：1；L2：7；L3：14；L4：40（自有验证通过、共享重放拒绝 → 报 UNKNOWN）；其他：端点未认证 L1：56；L2：88；L3：49；L4：46,无路径误判：0（2928 个 UNREACHABLE，在 oracle 点图中连通的 0 个）；超时：0；最终验证失败：L1：0；L2：0；L3：0；L4：0（自有验证通过、共享重放拒绝 → 报 UNKNOWN）；其他：端点未认证 L1：155；L2：220；L3：37；L4：0；safe 图不连通（u≈−5.6）L1：691；L2：788；L3：108；L4：0
规模扩展｜不同场景 Gaussian 数量下的总规划时间,N/A（单对演示；见 5000 对列）,N/A（单对演示；见 5000 对列）,N/A（单对演示；见 5000 对列）,N/A（单对演示；见 5000 对列）,"N_G=152,833：4.3 s；N_G=359,201：13.6 s；N_G=582,372：18.6 s（编译；同一档案、三个逐渐变大的查询盒）","N_G=152,833：2.7 s；N_G=359,201：20.2 s；N_G=582,372：50.7 s（编译；同一档案、三个逐渐变大的查询盒）"
规模扩展｜不同场景 Gaussian 数量下的 pair 计算时间,N/A（单对演示；见 5000 对列）,N/A（单对演示；见 5000 对列）,N/A（单对演示；见 5000 对列）,N/A（单对演示；见 5000 对列）,"N_G=152,833：0.23 s（3,676 对）；N_G=359,201：0.52 s（9,649 对）；N_G=582,372：0.47 s（11,906 对）","N_G=152,833：0.23 s（65,573 对）；N_G=359,201：0.93 s（182,615 对）；N_G=582,372：0.95 s（252,257 对）"
规模扩展｜不同场景 Gaussian 数量下的 operator / graph 构建时间,N/A（单对演示；见 5000 对列）,N/A（单对演示；见 5000 对列）,N/A（单对演示；见 5000 对列）,N/A（单对演示；见 5000 对列）,"N_G=152,833：0.7 s（61 胞）；N_G=359,201：2.5 s（146 胞）；N_G=582,372：4.9 s（330 胞）","N_G=152,833：0.8 s（13 胞）；N_G=359,201：10.3 s（69 胞）；N_G=582,372：33.4 s（250 胞）"
规模扩展｜不同场景 Gaussian 数量下的全局求解时间,N/A（单对演示；见 5000 对列）,N/A（单对演示；见 5000 对列）,N/A（单对演示；见 5000 对列）,N/A（单对演示；见 5000 对列）,"N_G=152,833：未查询；N_G=359,201：5.6 ms；N_G=582,372：17.8 ms（A* 中位数，G1 筛选对）","N_G=152,833：未查询；N_G=359,201：2.6 ms；N_G=582,372：107.8 ms（A* 中位数，G1 筛选对）"
规模扩展｜不同场景 Gaussian 数量下的峰值内存,N/A（单对演示；见 5000 对列）,N/A（单对演示；见 5000 对列）,N/A（单对演示；见 5000 对列）,N/A（单对演示；见 5000 对列）,"N_G=152,833：1.35 GB；N_G=359,201：1.35 GB；N_G=582,372：1.35 GB（进程峰值，以档案加载为主）","N_G=152,833：1.35 GB；N_G=359,201：1.35 GB；N_G=582,372：1.35 GB（进程峰值，以档案加载为主）"
规模扩展｜不同规划分辨率下的总时间,N/A（单对演示；见 5000 对列）,N/A（单对演示；见 5000 对列）,N/A（单对演示；见 5000 对列）,N/A（单对演示；见 5000 对列）,分辨率 0.1 m：编译 11.7 s，查询中位 0.067 s；分辨率 0.05 m：编译 18.6 s，查询中位 0.071 s；分辨率 0.025 m：编译 56.8 s，查询中位 0.374 s（octree 最小叶；G1 的同一组 80 个筛选对）,分辨率 0.1 m：编译 33.1 s，查询中位 0.045 s；分辨率 0.05 m：编译 50.7 s，查询中位 0.123 s；分辨率 0.025 m：编译 135.6 s，查询中位 1.033 s（octree 最小叶；G1 的同一组 80 个筛选对）
规模扩展｜不同规划分辨率下的状态数,N/A（单对演示；见 5000 对列）,N/A（单对演示；见 5000 对列）,N/A（单对演示；见 5000 对列）,N/A（单对演示；见 5000 对列）,"分辨率 0.1 m：叶 11,964 / 凸胞 177；分辨率 0.05 m：叶 22,743 / 凸胞 330；分辨率 0.025 m：叶 54,628 / 凸胞 737","分辨率 0.1 m：叶 8,298 / 凸胞 123；分辨率 0.05 m：叶 20,116 / 凸胞 250；分辨率 0.025 m：叶 51,638 / 凸胞 552"
质量｜在构造上明确存在可行路径的测试中成功规划比例,N/A（单对演示；见 5000 对列）,N/A（单对演示；见 5000 对列）,N/A（单对演示；见 5000 对列）,N/A（单对演示；见 5000 对列）,4699 / 5000；94.0%（无构造真值；代理 = G1 0.1 m oracle 点图 4-连通的对）,73 / 103；70.9%（无构造真值；代理 = G1 0.1 m oracle 点图 4-连通的对）
质量｜在构造上明确不存在路径的测试中正确返回无路径比例,N/A（单对演示；见 5000 对列）,N/A（单对演示；见 5000 对列）,N/A（单对演示；见 5000 对列）,N/A（单对演示；见 5000 对列）,N/A（sweeper 的点图是单一连通分量，没有“不存在路径”的对）,2926 / 4895；59.8%（代理 = 点图不连通的对：错误可达 0；其余 1969 对报 UNKNOWN，未认证）
质量｜错误返回“无路径”的比例,N/A（单对演示；见 5000 对列）,N/A（单对演示；见 5000 对列）,N/A（单对演示；见 5000 对列）,N/A（单对演示；见 5000 对列）,0 / 5000；0.00%（UNREACHABLE 且点图连通；301 个 UNKNOWN 在点图中连通 = 不完备，不是“无路径”结论）,0 / 5000；0.00%（UNREACHABLE 且点图连通；30 个 UNKNOWN 在点图中连通 = 不完备，不是“无路径”结论）
质量｜输出路径通过最终连续碰撞验证的比例,N/A（单对演示；见 5000 对列）,N/A（单对演示；见 5000 对列）,N/A（单对演示；见 5000 对列）,N/A（单对演示；见 5000 对列）,4699 / 4699；100.0%（输出为 REACHABLE 的路线，自有连续验证 + 共享 gs3d 重放均通过）,73 / 73；100.0%（输出为 REACHABLE 的路线，自有连续验证 + 共享 gs3d 重放均通过）
质量｜输出路径未通过最终连续碰撞验证的比例,N/A（单对演示；见 5000 对列）,N/A（单对演示；见 5000 对列）,N/A（单对演示；见 5000 对列）,N/A（单对演示；见 5000 对列）,0 / 4699；0%（62 条自有验证通过、被共享重放否决的路线报 UNKNOWN，未作为可达输出）,0 / 73；0%（0 条自有验证通过、被共享重放否决的路线报 UNKNOWN，未作为可达输出）
质量｜路径长度统计,N/A（单对演示；见 5000 对列）,N/A（单对演示；见 5000 对列）,N/A（单对演示；见 5000 对列）,N/A（单对演示；见 5000 对列）,Mean：6.01 m；Median：5.47 m；P95：10.13 m,Mean：3.46 m；Median：3.45 m；P95：3.94 m
质量｜相对于当前可获得最短路径的长度增加比例,N/A（单对演示；见 5000 对列）,N/A（单对演示；见 5000 对列）,N/A（单对演示；见 5000 对列）,N/A（单对演示；见 5000 对列）,Mean：3.2%；Median：1.3%；P95：13.3%（相对直线距离 = 最短路下界；真最短路未知，所以这是上界）,Mean：5.2%；Median：3.2%；P95：19.1%（相对直线距离 = 最短路下界；真最短路未知，所以这是上界）
质量｜路径最小碰撞间隙 / clearance,N/A（单对演示；见 5000 对列）,N/A（单对演示；见 5000 对列）,N/A（单对演示；见 5000 对列）,N/A（单对演示；见 5000 对列）,Mean：0.0015 m；Median：0.0014 m；Minimum：0.0010 m（margin 0.001 m，设计如此）,Mean：0.0016 m；Median：0.0013 m；Minimum：0.0010 m（margin 0.001 m，设计如此）
质量｜路径转弯次数或方向变化次数,N/A（单对演示；见 5000 对列）,N/A（单对演示；见 5000 对列）,N/A（单对演示；见 5000 对列）,N/A（单对演示；见 5000 对列）,Mean：2.65；Median：3；P95：5（折线内部顶点数）,Mean：1.45；Median：1；P95：3（折线内部顶点数）
质量｜路径平滑度 / 曲率代价（若实现）,N/A（单对演示；见 5000 对列）,N/A（单对演示；见 5000 对列）,N/A（单对演示；见 5000 对列）,N/A（单对演示；见 5000 对列）,N/A（未实现；折线路径，原地转向）,N/A（未实现；折线路径，原地转向）
质量｜在设定时间预算内的 timeout 比例,N/A（单对演示；见 5000 对列）,N/A（单对演示；见 5000 对列）,N/A（单对演示；见 5000 对列）,N/A（单对演示；见 5000 对列）,时间预算：120 s；Timeout：0 / 5000；0%（最慢 18.1 s）,时间预算：120 s；Timeout：0 / 5000；0%（最慢 3.9 s）
质量｜规划分辨率改变后成功 / 失败结论发生变化的比例,N/A（单对演示；见 5000 对列）,N/A（单对演示；见 5000 对列）,N/A（单对演示；见 5000 对列）,N/A（单对演示；见 5000 对列）,3 / 160；1.9%（相对默认 0.05 m：0.1 m：1/80（T16: UNKNOWN/shared_replay_failed -> REACHABLE/graph_path_lifted_and_verified）；0.025 m：2/80（L09: REACHABLE/graph_path_lifted_and_verified -> UNKNOWN/shared_replay_failed; T16: UNKNOWN/shared_replay_failed -> REACHABLE/graph_path_lifted_and_verified））,0 / 160；0.0%（相对默认 0.05 m：0.1 m：0/80；0.025 m：0/80）
质量｜规划分辨率改变后主要路线发生变化的比例,N/A（单对演示；见 5000 对列）,N/A（单对演示；见 5000 对列）,N/A（单对演示；见 5000 对列）,N/A（单对演示；见 5000 对列）,0 / 153；0.0%（与 0.05 m 都可达的对；Hausdorff 最大 0.39 m）,0 / 12；0.0%（与 0.05 m 都可达的对；Hausdorff 最大 0.01 m）
质量｜同一输入多次重复运行时结果稳定性,N/A（单对演示；见 5000 对列）,N/A（单对演示；见 5000 对列）,N/A（单对演示；见 5000 对列）,N/A（单对演示；见 5000 对列）,完全一致：100%（G1 演示每对冷/热/重载调用逐字节相同；G3 画廊 12/12 个 机器人×对 在另一进程/节点上与 G2 逐字节相同）；路线变化：0%；成功 / 失败翻转：0%,完全一致：100%（G1 演示每对冷/热/重载调用逐字节相同；G3 画廊 12/12 个 机器人×对 在另一进程/节点上与 G2 逐字节相同）；路线变化：0%；成功 / 失败翻转：0%
失败分析｜无路径误判数量与比例,N/A（单对演示；见 5000 对列）,N/A（单对演示；见 5000 对列）,N/A（单对演示；见 5000 对列）,N/A（单对演示；见 5000 对列）,0 / 5000；0.00%（按 oracle 点图证据；UNREACHABLE 全部有割证书）,0 / 5000；0.00%（按 oracle 点图证据；UNREACHABLE 全部有割证书）
失败分析｜超时数量与比例,N/A（单对演示；见 5000 对列）,N/A（单对演示；见 5000 对列）,N/A（单对演示；见 5000 对列）,N/A（单对演示；见 5000 对列）,0 / 5000；0%,0 / 5000；0%
失败分析｜输出路径最终验证失败数量与比例,N/A（单对演示；见 5000 对列）,N/A（单对演示；见 5000 对列）,N/A（单对演示；见 5000 对列）,N/A（单对演示；见 5000 对列）,62 / 5000；1.24%（自有验证通过但共享 gs3d 重放否决 → 报 UNKNOWN；输出的可达路线 0 失败）,0 / 5000；0.00%（自有验证通过但共享 gs3d 重放否决 → 报 UNKNOWN；输出的可达路线 0 失败）
失败分析｜内存不足数量与比例,N/A（单对演示；见 5000 对列）,N/A（单对演示；见 5000 对列）,N/A（单对演示；见 5000 对列）,N/A（单对演示；见 5000 对列）,0 / 10 个数组任务；0%（sacct 全部 COMPLETED）,0 / 10 个数组任务；0%（sacct 全部 COMPLETED）
失败分析｜其他失败数量、比例与原因,N/A（单对演示；见 5000 对列）,N/A（单对演示；见 5000 对列）,N/A（单对演示；见 5000 对列）,N/A（单对演示；见 5000 对列）,239 / 5000；4.8%；原因：endpoint_not_certified_free（start/goal） 239,1999 / 5000；40.0%；原因：endpoint_not_certified_free（start/goal） 412，safe_graph_disconnected_possible_connected 1587
失败分析｜失败是否主要由计算预算不足造成,N/A（单对演示；见 5000 对列）,N/A（单对演示；见 5000 对列）,N/A（单对演示；见 5000 对列）,N/A（单对演示；见 5000 对列）,是 / 否：否；相关失败：0 / 5000；0%（0 超时，最慢 18.1 s / 预算 120 s；叶子减半 0.05→0.025 m 不改变 UNKNOWN 数）,是 / 否：否；相关失败：0 / 5000；0%（0 超时，最慢 3.9 s / 预算 120 s；叶子减半 0.05→0.025 m 不改变 UNKNOWN 数）
失败分析｜失败是否主要由当前解析表示或求解能力不足造成,N/A（单对演示；见 5000 对列）,N/A（单对演示；见 5000 对列）,N/A（单对演示；见 5000 对列）,N/A（单对演示；见 5000 对列）,是 / 否：是；相关失败：301 / 5000；6.0%（全部 UNKNOWN：点图中全部连通 → 5 cm 认证表示/保守重放的不完备）,是 / 否：是；相关失败：1999 / 5000；40.0%（全部 UNKNOWN：1587 个 u≈−5.6 处点图也不连通、很可能真的不可达但单 pair 证书认证不了）
失败分析｜计算时间可接受但路径质量明显不好的测试比例,N/A（单对演示；见 5000 对列）,N/A（单对演示；见 5000 对列）,N/A（单对演示；见 5000 对列）,N/A（单对演示；见 5000 对列）,18 / 4699；0.4%（L/d > 1.3；无最短路真值，不能断定可避免）,0 / 73；0.0%（L/d > 1.3；无最短路真值，不能断定可避免）
失败分析｜路径结果正确但计算时间明显过长的测试比例,N/A（单对演示；见 5000 对列）,N/A（单对演示；见 5000 对列）,N/A（单对演示；见 5000 对列）,N/A（单对演示；见 5000 对列）,6 / 5000；0.12%（查询 > 10 s）,0 / 5000；0.00%（查询 > 10 s）
失败分析｜当前最常见失败类型,N/A（单对演示；见 5000 对列）,N/A（单对演示；见 5000 对列）,N/A（单对演示；见 5000 对列）,N/A（单对演示；见 5000 对列）,类型：endpoint_not_certified_free（start/goal）（UNKNOWN）；占全部失败：79.4%（认证 UNREACHABLE 不算失败）,类型：safe_graph_disconnected_possible_connected（UNKNOWN）；占全部失败：79.4%（认证 UNREACHABLE 不算失败）
