当前纯解析版本必须测的量,sweeper · PNO · F4 5000 对（B3 全量，B4 汇总）,cylinder · PNO · F4 5000 对（B3 全量，B4 汇总）
实验设置｜代码版本 / Git commit,版本：pno 上游 6384751（pristine，HF 权重 rev 36a76173） + bl 适配器（冻结配置 configs/baselines/pno.json）；commit：B3 全量运行 8c5f2ef（PNO 续跑 03ed70c），分析 a56567c,版本：pno 上游 6384751（pristine，HF 权重 rev 36a76173） + bl 适配器（冻结配置 configs/baselines/pno.json）；commit：B3 全量运行 8c5f2ef（PNO 续跑 03ed70c），分析 a56567c
实验设置｜运行日期,2026-10-10,2026-10-10
实验设置｜硬件与运行环境,CPU：Torch l40s_public 节点 4 核（4 个 harness 流）；GPU：NVIDIA L40S 44 GB（一卡 4 流）；RAM：申请 12 GB；OS：Linux (RHEL)，方法 env Python 3.10，裁判 gmc-venv Python 3.13.5,CPU：Torch l40s_public 节点 4 核（4 个 harness 流）；GPU：NVIDIA L40S 44 GB（一卡 4 流）；RAM：申请 12 GB；OS：Linux (RHEL)，方法 env Python 3.10，裁判 gmc-venv Python 3.13.5
实验设置｜每个配置的 warm-up 次数与正式重复次数,Warm-up：0 次（每个任务一次实例化后直接查询，实例化单独计时）；正式运行：每对 1 次（5000 对）,Warm-up：0 次（每个任务一次实例化后直接查询，实例化单独计时）；正式运行：每对 1 次（5000 对）
实验设置｜场景名称 / 场景编号,scene_v2（uavlamp_gallery_booth_v2_ground，SHA-256 2a3a72d6…96cc），区域 WWEST / GAPW1 / S,scene_v2（uavlamp_gallery_booth_v2_ground，SHA-256 2a3a72d6…96cc），区域 WWEST / GAPW1 / S
实验设置｜场景 Gaussian 数量,"N_G（裁判场景，opacity>0.3）= 390,716 / 209,126 / 333,487（WWEST / GAPW1 / S）","N_G（裁判场景，opacity>0.3）= 390,716 / 209,126 / 333,487（WWEST / GAPW1 / S）"
实验设置｜Start 与 End,Start/End：F4 的 5000 对 confirmed-reachable 对（pairs_confirmed_5000.json，与 GMC 完全相同的起终点）；直线距离：<2 m 0 对，2-4 m 3305 对，4-6 m 1510 对，>=6 m 185 对,Start/End：F4 的 5000 对 confirmed-reachable 对（pairs_confirmed_5000.json，与 GMC 完全相同的起终点）；直线距离：<2 m 0 对，2-4 m 3305 对，4-6 m 1510 对，>=6 m 185 对
实验设置｜机器人名称与几何参数,机器人：sweeper（竖直圆柱 r 0.175 m，半高 0.04 m，离地 0.02 m，z_c 0.06 m）；覆盖：点机器人在共享栅格化 C-space 图上（障碍按 r+margin 膨胀）,机器人：cylinder（竖直圆柱 r 0.30 m，半高 0.865 m，离地 0.02 m，z_c 0.885 m）；覆盖：点机器人在共享栅格化 C-space 图上（障碍按 r+margin 膨胀）
时间｜单次完整规划总时间（cold start）,Median：25.88 s；P95：28.26 s（cold = 平均每区域 setup 24.3 s + 查询）,Median：95.08 s；P95：98.45 s（cold = 平均每区域 setup 93.0 s + 查询）
时间｜单次完整规划总时间（已有场景结构后的 warm query）,Median：1.571 s；P95：3.947 s,Median：2.130 s；P95：5.502 s
时间｜场景层级结构 / BVH 构建耗时,N/A,N/A
时间｜scene–robot 候选 Gaussian pair 生成耗时,N/A,N/A
时间｜scene–robot 精确几何交互 / 碰撞计算耗时,N/A,N/A
时间｜自由 / 碰撞状态或 configuration-space domain 构建耗时,35.0 s（共享栅格化器，3 区域合计，setup 一次）；占总时间 N/A（setup，不在查询内）,237.1 s（共享栅格化器，3 区域合计，setup 一次）；占总时间 N/A（setup，不在查询内）
时间｜自适应 refinement 耗时,N/A,N/A
时间｜规划结构 / graph / operator 组装耗时,0.0950 s（每查询均值）；占总时间 5.4%,0.0965 s（每查询均值）；占总时间 4.1%
时间｜factorization / preconditioner setup 耗时,N/A,N/A
时间｜全局求解 / 图搜索 / 数值求解耗时,1.6554 s（每查询均值）；占总时间 93.3%,2.2157 s（每查询均值）；占总时间 94.4%
时间｜路径提取耗时,0.0001 s（每查询均值）；占总时间 0.0%（端点吸附；路径即求解输出）,0.0001 s（每查询均值）；占总时间 0.0%（端点吸附；路径即求解输出）
时间｜最终连续碰撞检查与路径验证耗时,0.111 s（中位数，裁判 replay_plan，不计入方法时间，单独记录）,0.260 s（中位数，裁判 replay_plan，不计入方法时间，单独记录）
时间｜其他未归类耗时,0.0240 s；占总时间 1.4%,0.0344 s；占总时间 1.5%
时间｜各阶段耗时之和与总时间的差值,0.0240 s；差值占总时间 1.4%,0.0344 s；差值占总时间 1.5%
时间｜当前最耗时阶段,阶段：网格 A*；耗时：1.6554 s（均值）；占总时间：93.3%,阶段：网格 A*；耗时：2.2157 s（均值）；占总时间：94.4%
计算量｜单次规划 collision / contact 查询次数,N/A,N/A
计算量｜scene–robot 候选 Gaussian pair 数量,N/A,N/A
计算量｜scene–robot 实际有效 Gaussian pair 数量,N/A,N/A
计算量｜有效 pair 比例,N/A,N/A
计算量｜broad-phase 剪枝比例,N/A,N/A
计算量｜单次 collision / contact query 平均耗时,N/A,N/A
计算量｜重复或近重复 collision / contact query 比例,N/A,N/A
计算量｜单次规划使用的 configuration states / 节点 / 网格数量,A* 扩展节点：中位数 41600，P95 109967,A* 扩展节点：中位数 58708，P95 156138
计算量｜orientation bins 数量,N/A,N/A
计算量｜单次规划使用的边数,N/A,N/A
计算量｜稀疏 operator 非零元素数量,N/A,N/A
计算量｜refinement 轮数,N/A,N/A
计算量｜solver 迭代次数,N/A,N/A
计算量｜峰值 CPU 内存,5.1 GB（sacct MaxRSS，整个 4 流作业含裁判）,5.1 GB（sacct MaxRSS，整个 4 流作业含裁判）
计算量｜峰值 GPU 显存,L40S（4 流共享一卡）峰值 17.1 GB（4 流合计）,L40S（4 流共享一卡）峰值 17.1 GB（4 流合计）
复用性｜同一场景、同一机器人，仅更换 start/end 后的总规划时间,Median：1.571 s；P95：3.947 s,Median：2.130 s；P95：5.502 s
复用性｜仅更换 start/end 时必须重新计算的阶段,值函数推理（目标相关）+ A*,值函数推理（目标相关）+ A*
复用性｜仅更换 start/end 时可以直接复用的阶段,栅格 C-space 图、重采样、腐蚀、模型权重、χ（FNOSDF）,栅格 C-space 图、重采样、腐蚀、模型权重、χ（FNOSDF）
复用性｜仅更换 start/end 时可复用计算占原 cold-start 时间比例,93.9%,97.8%
复用性｜相同 start/end 重复查询时的缓存命中率,0%（无缓存）,0%（无缓存）
机器人对比｜机器人 1 参数,名称：sweeper；宽：0.35 m；长：0.35 m；高：0.08 m；其他：圆柱，离地 0.02 m,名称：sweeper；宽：0.35 m；长：0.35 m；高：0.08 m；其他：圆柱，离地 0.02 m
机器人对比｜机器人 1 规划结果,成功 / 无路径 / 超时：5000 / 0 / 0（另有不安全声称 0）；路线类型：N/A；路径长度：见长度比（与 GMC 共同成功 4823 对，长度 / A* 路线中位数 0.931）；规划时间：中位数 1.571 s；最小 clearance：见质量｜路径最小碰撞间隙,成功 / 无路径 / 超时：5000 / 0 / 0（另有不安全声称 0）；路线类型：N/A；路径长度：见长度比（与 GMC 共同成功 4823 对，长度 / A* 路线中位数 0.931）；规划时间：中位数 1.571 s；最小 clearance：见质量｜路径最小碰撞间隙
机器人对比｜机器人 2 参数,名称：cylinder；宽：0.60 m；长：0.60 m；高：1.73 m；其他：圆柱，离地 0.02 m,名称：cylinder；宽：0.60 m；长：0.60 m；高：1.73 m；其他：圆柱，离地 0.02 m
机器人对比｜机器人 2 规划结果,成功 / 无路径 / 超时：5000 / 0 / 0（另有不安全声称 0）；路线类型：N/A；路径长度：见长度比（与 GMC 共同成功 4147 对，长度 / A* 路线中位数 0.982）；规划时间：中位数 2.130 s；最小 clearance：见质量｜路径最小碰撞间隙,成功 / 无路径 / 超时：5000 / 0 / 0（另有不安全声称 0）；路线类型：N/A；路径长度：见长度比（与 GMC 共同成功 4147 对，长度 / A* 路线中位数 0.982）；规划时间：中位数 2.130 s；最小 clearance：见质量｜路径最小碰撞间隙
机器人对比｜机器人 3 参数,N/A,N/A
机器人对比｜机器人 3 规划结果,N/A,N/A
机器人对比｜同一场景、同一 start/end，更换机器人后的总规划时间,机器人 1：1.571 s；机器人 2：2.130 s；机器人 3：N/A（中位数）,机器人 1：1.571 s；机器人 2：2.130 s；机器人 3：N/A（中位数）
机器人对比｜更换机器人后重新构建 scene–robot planning representation 的时间,机器人 1→2：278.9 s（3 区域合计）；机器人 2→3：N/A；机器人 1→3：N/A,机器人 1→2：278.9 s（3 区域合计）；机器人 2→3：N/A；机器人 1→3：N/A
机器人对比｜更换机器人时必须从头重新计算的阶段,C-space 栅格图（膨胀半径变）及其重采样,C-space 栅格图（膨胀半径变）及其重采样
机器人对比｜更换机器人时可直接复用的阶段,模型权重,模型权重
机器人对比｜更换机器人时可复用计算占原总计算量比例,≈0%（setup 按机器人各建一次）,≈0%（setup 按机器人各建一次）
机器人对比｜连续完成三种机器人规划所需总时间,N/A,N/A
机器人对比｜三种机器人是否得到不同路径,是 / 否：是（两种机器人）；差异描述：两者都成功的 5000 对中，sweeper 路径更短的 3437 对,是 / 否：是（两种机器人）；差异描述：两者都成功的 5000 对中，sweeper 路径更短的 3437 对
机器人对比｜三种机器人得到完全相同路径的比例（多组 start/end）,N/A,N/A
机器人对比｜更换机器人后可达 / 不可达结论发生变化的比例,0 / 5000；0.0%（SUCCESS 翻转；仅 sweeper 成功 0，仅 cylinder 成功 0）,0 / 5000；0.0%（SUCCESS 翻转；仅 sweeper 成功 0，仅 cylinder 成功 0）
机器人对比｜更换机器人后主要路线发生变化的比例,N/A,N/A
机器人对比｜小机器人选择窄路捷径的比例,N/A,N/A
机器人对比｜大机器人避开无法通过窄路的比例,N/A,N/A
机器人对比｜高机器人避开低矮通道的比例,N/A,N/A
机器人对比｜相近尺寸机器人之间 collision / state 判断相同的比例,N/A,N/A
机器人对比｜相近尺寸机器人之间 operator edge 相同的比例,N/A,N/A
机器人对比｜轻微改变机器人宽度 / 长度 / 高度后结果突然翻转的比例,N/A,N/A
A–B 扩展｜测试距离档位,L1：<2 m；L2：2–4 m；L3：4–6 m；L4：≥6 m（直线距离；n = 0 / 3305 / 1510 / 185）,L1：<2 m；L2：2–4 m；L3：4–6 m；L4：≥6 m（直线距离；n = 0 / 3305 / 1510 / 185）
A–B 扩展｜不同距离下的总规划时间,L1：N/A（0 对）；L2：1.129 s；L3：2.196 s；L4：3.509 s（中位数）,L1：N/A（0 对）；L2：1.393 s；L3：2.854 s；L4：3.694 s（中位数）
A–B 扩展｜不同距离下的规划成功率,L1：N/A（0 对）；L2：100.0%；L3：100.0%；L4：100.0%,L1：N/A（0 对）；L2：100.0%；L3：100.0%；L4：100.0%
A–B 扩展｜不同距离下的输出路径长度,L1：N/A；L2：3.50 m；L3：5.00 m；L4：7.00 m（成功行中位数）,L1：N/A；L2：3.71 m；L3：5.65 m；L4：7.70 m（成功行中位数）
A–B 扩展｜不同距离下的 collision / contact 查询次数,N/A,N/A
A–B 扩展｜不同距离下的候选 / 有效 Gaussian pair 数量,N/A,N/A
A–B 扩展｜不同距离下的 configuration state / 节点数量,N/A,N/A
A–B 扩展｜不同距离下的 solver 迭代次数,N/A,N/A
A–B 扩展｜不同距离下的 refinement 轮数,N/A,N/A
A–B 扩展｜不同距离下的峰值内存,N/A,N/A
A–B 扩展｜不同距离下的失败类型,L1：无；L2：无；L3：无；L4：无,L1：无；L2：无；L3：无；L4：无
规模扩展｜不同场景 Gaussian 数量下的总规划时间,N_G=390716：1.592 s；N_G=209126：2.575 s；N_G=333487：0.462 s（每区域查询中位数）,N_G=390716：2.133 s；N_G=209126：3.781 s；N_G=333487：0.435 s（每区域查询中位数）
规模扩展｜不同场景 Gaussian 数量下的 pair 计算时间,N/A,N/A
规模扩展｜不同场景 Gaussian 数量下的 operator / graph 构建时间,N_G=390716：34.3 s；N_G=209126：26.4 s；N_G=333487：12.2 s（setup 合计）,N_G=390716：157.2 s；N_G=209126：99.9 s；N_G=333487：21.8 s（setup 合计）
规模扩展｜不同场景 Gaussian 数量下的全局求解时间,N/A,N/A
规模扩展｜不同场景 Gaussian 数量下的峰值内存,N/A,N/A
规模扩展｜不同规划分辨率下的总时间,分辨率 S=1024：2.03 s；S=2048：8.52 s；S=4096：GPU OOM（调参集 cylinder 中位数，tuning_table.json）,分辨率 S=1024：2.03 s；S=2048：8.52 s；S=4096：GPU OOM（调参集 cylinder 中位数，tuning_table.json）
规模扩展｜不同规划分辨率下的状态数,N/A,N/A
质量｜在构造上明确存在可行路径的测试中成功规划比例,5000 / 5000；成功率：100.0%,5000 / 5000；成功率：100.0%
质量｜在构造上明确不存在路径的测试中正确返回无路径比例,N/A（基准只含已证实可达的对）,N/A（基准只含已证实可达的对）
质量｜错误返回“无路径”的比例,0 / 5000；0.0%（每对都已证实可达，FAIL 均为错误无路）,0 / 5000；0.0%（每对都已证实可达，FAIL 均为错误无路）
质量｜输出路径通过最终连续碰撞验证的比例,5000 / 5000；100.0%,5000 / 5000；100.0%
质量｜输出路径未通过最终连续碰撞验证的比例,0 / 5000；0.0%,0 / 5000；0.0%
质量｜路径长度统计,见长度比（与 GMC 共同成功 4823 对，长度 / A* 路线中位数 0.931）,见长度比（与 GMC 共同成功 4147 对，长度 / A* 路线中位数 0.982）
质量｜相对于当前可获得最短路径的长度增加比例,Mean：-9.8%；Median：-6.9%；P95：3.3%（相对 F4 A* 路线，0.1 m 栅格，非真最短；与 GMC 共同成功的 4823 对）,Mean：-1.5%；Median：-1.8%；P95：4.9%（相对 F4 A* 路线，0.1 m 栅格，非真最短；与 GMC 共同成功的 4147 对）
质量｜路径最小碰撞间隙 / clearance,Mean：0.0014 m；Median：0.0011 m；Minimum：0.0010 m（裁判的连续间隙下界，共同成功对）,Mean：0.0012 m；Median：0.0010 m；Minimum：0.0010 m（裁判的连续间隙下界，共同成功对）
质量｜路径转弯次数或方向变化次数,Mean：98.4；Median：71；P95：274（> 5° 的转向点；累计转角中位数 57.85 rad）,Mean：117.8；Median：100；P95：298（> 5° 的转向点；累计转角中位数 79.83 rad）
质量｜路径平滑度 / 曲率代价（若实现）,N/A,N/A
质量｜在设定时间预算内的 timeout 比例,时间预算：120 s；Timeout：0 / 5000；0.0%,时间预算：120 s；Timeout：0 / 5000；0.0%
质量｜规划分辨率改变后成功 / 失败结论发生变化的比例,N/A,N/A
质量｜规划分辨率改变后主要路线发生变化的比例,N/A,N/A
质量｜同一输入多次重复运行时结果稳定性,N/A（每对只跑一次；B3 抽查 25 行重判与存储一致，不是重跑规划器）,N/A（每对只跑一次；B3 抽查 25 行重判与存储一致，不是重跑规划器）
失败分析｜无路径误判数量与比例,0 / 5000；0.0%,0 / 5000；0.0%
失败分析｜超时数量与比例,0 / 5000；0.0%,0 / 5000；0.0%
失败分析｜输出路径最终验证失败数量与比例,0 / 5000；0.0%（CLAIMED_*，不安全声称）,0 / 5000；0.0%（CLAIMED_*，不安全声称）
失败分析｜内存不足数量与比例,0 / 5000；0.0%,0 / 5000；0.0%
失败分析｜其他失败数量、比例与原因,0 / 5000；0.0%；原因：无 ERROR / SETUP_FAIL,0 / 5000；0.0%；原因：无 ERROR / SETUP_FAIL
失败分析｜失败是否主要由计算预算不足造成,是 / 否：否；相关失败：0 / 0,是 / 否：否；相关失败：0 / 0
失败分析｜失败是否主要由当前解析表示或求解能力不足造成,是 / 否：否；相关失败：0 / 0；0.0%,是 / 否：否；相关失败：0 / 0；0.0%
失败分析｜计算时间可接受但路径质量明显不好的测试比例,N/A（以长度比 p95 1.033 相对 A* 路线报告，未设阈值）,N/A（以长度比 p95 1.049 相对 A* 路线报告，未设阈值）
失败分析｜路径结果正确但计算时间明显过长的测试比例,N/A,N/A
失败分析｜当前最常见失败类型,无失败,无失败
