region,kind,robot,pair_id,status,reason,class,group,dist_m,len_ratio,clear3d_mm,lateral_mm,vertical_mm,start_clear_mm,goal_clear_mm,kin_both_floors_passed,replay_geometry,swept_excess_mm,buffer0,reproduced,witness_m0021,ep_clear3d_mm,own_verification,wall_s
S,pilot,cylinder,F3S-00000,UNKNOWN,shared_replay_failed,EXPORT-DOMAIN,export,3.176,1.078,1.5,1.0,1.512,5.0,1.557,False,map_unknown,22.778,,True,,5.0,CERTIFIED,0.11
S,pilot,cylinder,F3S-00001,UNKNOWN,shared_replay_failed,EXPORT-DOMAIN,export,3.214,1.075,1.5,10.0,1.512,5.0,3.076,False,map_unknown,9.233,,True,,5.0,CERTIFIED,0.01
S,pilot,cylinder,F3S-00002,UNKNOWN,start_not_certified_free,EP-TOL,tolerance,3.128,1.119,1.5,0.5,1.512,1.512,5.0,,,,UNKNOWN:shared_replay_failed,True,,1.5,,0.0
S,pilot,cylinder,F3S-00003,UNKNOWN,start_not_certified_free,EP-TOL,tolerance,3.009,1.08,1.5,10.0,1.512,1.512,5.0,,,,REACHABLE:graph_path_lifted_and_verified,True,,1.5,,0.0
S,pilot,cylinder,F3S-00004,UNKNOWN,goal_not_certified_free,EP-TOL,tolerance,3.005,1.078,1.5,10.0,1.512,2.015,1.512,,,,REACHABLE:graph_path_lifted_and_verified,True,,1.5,,0.16
S,pilot,cylinder,F3S-00005,UNKNOWN,shared_replay_failed,EXPORT-DOMAIN,export,3.214,1.099,1.5,5.0,1.512,1.512,5.0,False,map_unknown,33.27,,True,,5.0,CERTIFIED,0.03
S,pilot,cylinder,F3S-00006,UNKNOWN,shared_replay_failed,EXPORT-DOMAIN,export,3.419,1.087,1.5,5.0,1.512,5.0,5.0,False,map_unknown,58.527,,True,,5.0,CERTIFIED,0.01
S,pilot,cylinder,F3S-00007,UNKNOWN,start_not_certified_free,EP-TOL,tolerance,3.006,1.069,1.5,1.5,1.512,1.512,5.0,,,,UNKNOWN:shared_replay_failed,True,,1.5,,0.0
S,pilot,cylinder,F3S-00008,UNKNOWN,goal_not_certified_free,EP-TOL,tolerance,3.121,1.079,1.5,20.0,1.512,5.0,1.512,,,,REACHABLE:graph_path_lifted_and_verified,True,,1.5,,0.0
S,pilot,cylinder,F3S-00010,UNKNOWN,start_not_certified_free,EP-TOL,tolerance,3.024,1.081,1.5,10.0,1.512,1.512,3.638,,,,REACHABLE:graph_path_lifted_and_verified,True,,1.5,,0.0
S,pilot,cylinder,F3S-00011,UNKNOWN,shared_replay_failed,EXPORT-DOMAIN,export,3.005,1.076,1.5,0.0,1.512,5.0,5.0,False,map_unknown,28.92,,True,,5.0,CERTIFIED,0.02
S,pilot,cylinder,F3S-00012,UNKNOWN,shared_replay_failed,EXPORT-DOMAIN,export,3.26,1.081,1.5,0.5,1.512,1.512,5.0,False,map_unknown,45.793,,True,,5.0,CERTIFIED,0.01
S,pilot,cylinder,F3S-00013,UNKNOWN,shared_replay_failed,EXPORT-DOMAIN,export,3.185,1.085,1.5,10.0,1.512,1.512,5.0,False,map_unknown,47.199,,True,,5.0,CERTIFIED,0.02
S,pilot,cylinder,F3S-00015,UNKNOWN,shared_replay_failed,EXPORT-DOMAIN,export,3.162,1.066,1.5,1.5,1.512,5.0,1.512,False,map_unknown,6.105,,True,,3.0,CERTIFIED,0.03
S,pilot,cylinder,F3S-00019,UNKNOWN,shared_replay_failed,EXPORT-DOMAIN,export,3.25,1.097,1.5,0.0,1.512,5.0,5.0,False,map_unknown,34.343,,True,,5.0,CERTIFIED,0.04
S,pilot,cylinder,F3S-00021,UNKNOWN,shared_replay_failed,EXPORT-DOMAIN,export,3.333,1.078,1.5,20.0,1.512,5.0,1.512,False,map_unknown,34.396,,True,,5.0,CERTIFIED,0.02
S,pilot,cylinder,F3S-00023,UNKNOWN,shared_replay_failed,EXPORT-DOMAIN,export,3.05,1.103,1.5,0.0,1.512,5.0,5.0,False,map_unknown,57.137,,True,,5.0,CERTIFIED,0.01
S,pilot,cylinder,F3S-00024,UNKNOWN,shared_replay_failed,EXPORT-DOMAIN,export,3.135,1.076,1.5,0.5,1.512,5.0,5.0,False,map_unknown,0.428,,True,,5.0,CERTIFIED,0.03
S,pilot,cylinder,F3S-00026,UNKNOWN,shared_replay_failed,EXPORT-DOMAIN,export,3.071,1.089,1.5,1.0,1.512,5.0,1.512,False,map_unknown,61.809,,True,,5.0,CERTIFIED,0.04
S,pilot,cylinder,F3S-00029,UNKNOWN,shared_replay_failed,EXPORT-DOMAIN,export,3.146,1.084,1.5,2.0,1.512,5.0,5.0,False,map_unknown,29.706,,True,,5.0,CERTIFIED,0.03
S,pilot,cylinder,F3S-00031,UNKNOWN,shared_replay_failed,EXPORT-DOMAIN,export,3.355,1.081,1.5,0.5,1.512,5.0,1.557,False,map_unknown,9.763,,True,,5.0,CERTIFIED,0.04
S,pilot,cylinder,F3S-00033,UNKNOWN,goal_not_certified_free,EP-TOL,tolerance,3.62,1.087,1.5,3.0,1.512,5.0,1.664,,,,UNKNOWN:shared_replay_failed,True,,1.5,,0.0
S,pilot,cylinder,F3S-00035,UNKNOWN,shared_replay_failed,EXPORT-DOMAIN,export,3.078,1.081,1.5,0.0,1.512,5.0,5.0,False,map_unknown,41.16,,True,,5.0,CERTIFIED,0.02
S,pilot,cylinder,F3S-00036,UNKNOWN,shared_replay_failed,EXPORT-DOMAIN,export,3.125,1.084,1.5,2.0,1.512,2.367,1.512,False,map_unknown,68.784,,True,,5.0,CERTIFIED,0.02
S,pilot,cylinder,F3S-00037,UNKNOWN,goal_not_certified_free,EP-TOL,tolerance,3.028,1.079,1.5,50.0,1.512,5.0,1.512,,,,REACHABLE:graph_path_lifted_and_verified,True,,1.5,,0.0
S,pilot,cylinder,F3S-00039,UNKNOWN,start_not_certified_free,EP-TOL,tolerance,3.01,1.079,1.5,20.0,1.512,1.512,5.0,,,,REACHABLE:graph_path_lifted_and_verified,True,,1.5,,0.0
S,pilot,cylinder,F3S-00041,UNKNOWN,shared_replay_failed,EXPORT-DOMAIN,export,3.35,1.078,1.5,1.5,1.512,5.0,5.0,False,map_unknown,22.116,,True,,5.0,CERTIFIED,0.02
S,pilot,cylinder,F3S-00042,UNKNOWN,goal_not_certified_free,EP-TOL,tolerance,3.097,1.075,1.5,10.0,1.512,5.0,1.512,,,,UNKNOWN:shared_replay_failed,True,,1.5,,0.0
S,pilot,cylinder,F3S-00043,UNKNOWN,shared_replay_failed,EXPORT-DOMAIN,export,3.121,1.077,1.5,1.5,1.512,5.0,1.512,False,map_unknown,37.846,,True,,5.0,CERTIFIED,0.16
S,pilot,cylinder,F3S-00044,UNKNOWN,shared_replay_failed,EXPORT-DOMAIN,export,3.115,1.092,1.5,5.0,1.512,5.0,5.0,False,map_unknown,61.178,,True,,5.0,CERTIFIED,0.01
S,pilot,cylinder,F3S-00046,UNKNOWN,shared_replay_failed,EXPORT-DOMAIN,export,3.07,1.082,1.5,2.0,1.512,5.0,5.0,False,map_unknown,49.528,,True,,5.0,CERTIFIED,0.02
S,pilot,cylinder,F3S-00047,UNKNOWN,shared_replay_failed,EXPORT-DOMAIN,export,3.27,1.091,1.5,1.5,1.512,1.512,5.0,False,map_unknown,16.673,,True,,5.0,CERTIFIED,0.04
S,pilot,cylinder,F3S-00048,UNKNOWN,shared_replay_failed,EXPORT-DOMAIN,export,3.203,1.096,1.5,1.0,0.535,1.557,5.0,False,map_unknown,61.906,,True,,3.0,CERTIFIED,0.01
S,pilot,cylinder,F3S-00050,UNKNOWN,shared_replay_failed,EXPORT-DOMAIN,export,3.52,1.086,1.5,10.0,1.512,5.0,5.0,False,map_unknown,58.914,,True,,5.0,CERTIFIED,0.01
S,pilot,cylinder,F3S-00052,UNKNOWN,shared_replay_failed,EXPORT-DOMAIN,export,3.18,1.078,1.5,20.0,1.512,5.0,1.512,False,map_unknown,23.717,,True,,5.0,CERTIFIED,0.02
S,pilot,cylinder,F3S-00053,UNKNOWN,shared_replay_failed,EXPORT-DOMAIN,export,3.023,1.093,1.5,20.0,1.512,5.0,5.0,False,map_unknown,31.404,,True,,5.0,CERTIFIED,0.01
S,pilot,cylinder,F3S-00057,UNKNOWN,shared_replay_failed,EXPORT-DOMAIN,export,3.029,1.1,1.5,1.5,1.512,5.0,1.512,False,map_unknown,67.338,,True,,5.0,CERTIFIED,0.01
S,pilot,cylinder,F3S-00058,UNKNOWN,shared_replay_failed,EXPORT-DOMAIN,export,3.221,1.11,1.5,1.0,1.512,5.0,5.0,False,map_unknown,63.561,,True,,5.0,CERTIFIED,0.01
S,pilot,cylinder,F3S-00059,UNKNOWN,start_not_certified_free,EP-TOL,tolerance,3.006,1.075,1.5,20.0,1.512,1.512,5.0,,,,REACHABLE:graph_path_lifted_and_verified,True,,1.5,,0.0
S,pilot,cylinder,F3S-00060,UNKNOWN,shared_replay_failed,EXPORT-DOMAIN,export,3.246,1.077,1.5,1.0,1.512,5.0,1.261,False,map_unknown,37.142,,True,,5.0,CERTIFIED,0.03
S,pilot,cylinder,F3S-00064,UNKNOWN,goal_not_certified_free,EP-TOL,tolerance,3.182,1.099,1.5,2.0,1.512,5.0,1.017,,,,UNKNOWN:shared_replay_failed,True,,1.5,,0.0
S,pilot,cylinder,F3S-00065,UNKNOWN,shared_replay_failed,EXPORT-DOMAIN,export,3.486,1.075,1.5,0.5,1.512,5.0,5.0,False,map_unknown,19.09,,True,,5.0,CERTIFIED,0.02
S,pilot,cylinder,F3S-00067,UNKNOWN,shared_replay_failed,EXPORT-DOMAIN,export,3.427,1.075,1.5,10.0,1.512,5.0,5.0,False,map_unknown,3.579,,True,,5.0,CERTIFIED,0.02
S,pilot,cylinder,F3S-00068,UNKNOWN,start_not_certified_free,EP-TOL,tolerance,3.036,1.076,1.5,1.5,1.512,1.512,5.0,,,,UNKNOWN:shared_replay_failed,True,,1.5,,0.0
S,pilot,cylinder,F3S-00069,UNKNOWN,shared_replay_failed,EXPORT-DOMAIN,export,3.537,1.094,1.5,1.0,1.512,5.0,4.71,False,map_unknown,50.937,,True,,5.0,CERTIFIED,0.14
S,pilot,cylinder,F3S-00070,UNKNOWN,shared_replay_failed,EXPORT-DOMAIN,export,3.325,1.087,1.5,2.0,1.512,1.512,5.0,False,map_unknown,42.83,,True,,5.0,CERTIFIED,0.03
S,pilot,cylinder,F3S-00071,UNKNOWN,start_not_certified_free,EP-TOL,tolerance,3.175,1.079,1.5,10.0,1.512,1.512,2.81,,,,UNKNOWN:shared_replay_failed,True,,1.5,,0.0
S,pilot,cylinder,F3S-00072,UNKNOWN,shared_replay_failed,EXPORT-DOMAIN,export,3.117,1.075,1.5,2.0,1.512,1.512,5.0,False,map_unknown,28.05,,True,,5.0,CERTIFIED,0.03
S,pilot,cylinder,F3S-00073,UNKNOWN,shared_replay_failed,EXPORT-DOMAIN,export,3.373,1.071,1.5,5.0,1.512,5.0,5.0,False,map_unknown,3.287,,True,,5.0,CERTIFIED,0.03
S,pilot,cylinder,F3S-00074,UNKNOWN,start_not_certified_free,EP-TOL,tolerance,3.081,1.081,1.5,20.0,1.512,1.512,5.0,,,,REACHABLE:graph_path_lifted_and_verified,True,,1.5,,0.0
S,pilot,cylinder,F3S-00075,UNKNOWN,shared_replay_failed,EXPORT-DOMAIN,export,3.225,1.08,1.5,1.0,1.512,5.0,1.557,False,map_unknown,39.356,,True,,5.0,CERTIFIED,0.03
S,pilot,cylinder,F3S-00080,UNKNOWN,start_not_certified_free,EP-TOL,tolerance,3.159,1.079,1.5,10.0,1.512,1.512,5.0,,,,REACHABLE:graph_path_lifted_and_verified,True,,1.5,,0.0
S,pilot,cylinder,F3S-00081,UNKNOWN,shared_replay_failed,EXPORT-DOMAIN,export,3.354,1.103,1.5,1.0,1.512,5.0,5.0,False,map_unknown,45.658,,True,,5.0,CERTIFIED,0.12
S,pilot,cylinder,F3S-00083,UNKNOWN,shared_replay_failed,EXPORT-DOMAIN,export,3.213,1.084,1.5,0.0,1.512,5.0,5.0,False,map_unknown,68.522,,True,,5.0,CERTIFIED,0.01
S,pilot,cylinder,F3S-00084,UNKNOWN,shared_replay_failed,EXPORT-DOMAIN,export,3.181,1.088,1.5,10.0,1.512,5.0,5.0,False,map_unknown,48.745,,True,,5.0,CERTIFIED,0.01
S,pilot,cylinder,F3S-00087,UNKNOWN,shared_replay_failed,EXPORT-DOMAIN,export,3.055,1.077,1.5,5.0,1.512,5.0,5.0,False,map_unknown,5.239,,True,,5.0,CERTIFIED,0.01
S,pilot,cylinder,F3S-00090,UNKNOWN,shared_replay_failed,EXPORT-DOMAIN,export,3.191,1.066,1.5,2.0,1.512,5.0,5.0,False,map_unknown,27.314,,True,,5.0,CERTIFIED,0.01
S,pilot,cylinder,F3S-00092,UNKNOWN,shared_replay_failed,EXPORT-DOMAIN,export,3.319,1.12,1.5,0.5,1.512,5.0,5.0,False,map_unknown,67.746,,True,,5.0,CERTIFIED,0.03
S,pilot,cylinder,F3S-00094,UNKNOWN,shared_replay_failed,EXPORT-DOMAIN,export,3.325,1.081,1.5,10.0,1.512,3.028,1.512,False,map_unknown,34.07,,True,,5.0,CERTIFIED,0.05
S,pilot,cylinder,F3S-00095,UNKNOWN,shared_replay_failed,EXPORT-DOMAIN,export,3.057,1.075,1.5,0.0,1.512,5.0,5.0,False,map_unknown,7.908,,True,,5.0,CERTIFIED,0.03
S,pilot,cylinder,F3S-00096,UNKNOWN,start_not_certified_free,EP-TOL,tolerance,3.067,1.069,1.5,5.0,1.512,1.512,5.0,,,,UNKNOWN:shared_replay_failed,True,,1.5,,0.0
S,pilot,cylinder,F3S-00097,UNKNOWN,shared_replay_failed,EXPORT-DOMAIN,export,3.09,1.091,1.5,1.5,1.512,5.0,5.0,False,map_unknown,26.873,,True,,5.0,CERTIFIED,0.03
S,pilot,cylinder,F3S-00098,UNKNOWN,shared_replay_failed,EXPORT-DOMAIN,export,3.408,1.077,1.5,2.0,1.512,5.0,1.557,False,map_unknown,17.993,,True,,5.0,CERTIFIED,0.02
S,pilot,cylinder,F3S-00101,UNKNOWN,shared_replay_failed,EXPORT-DOMAIN,export,3.478,1.077,1.5,1.5,1.512,3.076,5.0,False,map_unknown,13.703,,True,,5.0,CERTIFIED,0.05
S,pilot,cylinder,F3S-00103,UNKNOWN,shared_replay_failed,EXPORT-DOMAIN,export,3.036,1.094,1.5,0.0,1.512,5.0,1.512,False,map_unknown,56.697,,True,,5.0,CERTIFIED,0.04
S,pilot,cylinder,F3S-00104,UNKNOWN,shared_replay_failed,EXPORT-DOMAIN,export,3.302,1.075,1.5,2.0,1.512,1.512,5.0,False,map_unknown,44.442,,True,,5.0,CERTIFIED,0.02
S,pilot,cylinder,F3S-00105,UNKNOWN,shared_replay_failed,EXPORT-DOMAIN,export,3.228,1.079,1.5,0.5,1.512,1.512,5.0,False,map_unknown,16.655,,True,,5.0,CERTIFIED,0.05
S,pilot,cylinder,F3S-00108,UNKNOWN,shared_replay_failed,EXPORT-DOMAIN,export,3.227,1.088,1.5,2.0,1.512,4.467,1.512,False,map_unknown,29.433,,True,,5.0,CERTIFIED,0.03
S,pilot,cylinder,F3S-00109,UNKNOWN,shared_replay_failed,EXPORT-DOMAIN,export,3.017,1.08,1.5,5.0,1.512,1.512,5.0,False,map_unknown,19.59,,True,,5.0,CERTIFIED,0.01
S,pilot,cylinder,F3S-00110,UNKNOWN,shared_replay_failed,EXPORT-DOMAIN,export,3.409,1.073,1.5,2.0,1.512,1.512,5.0,False,map_unknown,47.053,,True,,5.0,CERTIFIED,0.06
S,pilot,cylinder,F3S-00111,UNKNOWN,goal_not_certified_free,EP-TOL,tolerance,3.005,1.093,1.5,10.0,1.512,5.0,1.512,,,,UNKNOWN:shared_replay_failed,True,,1.5,,0.0
S,pilot,cylinder,F3S-00113,UNKNOWN,shared_replay_failed,EXPORT-DOMAIN,export,3.021,1.084,1.5,10.0,1.512,5.0,1.512,False,map_unknown,48.663,,True,,5.0,CERTIFIED,0.02
S,pilot,cylinder,F3S-00114,UNKNOWN,shared_replay_failed,EXPORT-DOMAIN,export,3.189,1.085,1.5,5.0,1.512,5.0,1.557,False,map_unknown,13.162,,True,,5.0,CERTIFIED,0.03
S,pilot,cylinder,F3S-00116,UNKNOWN,shared_replay_failed,EXPORT-DOMAIN,export,3.173,1.089,1.5,5.0,1.512,5.0,1.557,False,map_unknown,36.326,,True,,5.0,CERTIFIED,0.03
S,pilot,cylinder,F3S-00117,UNKNOWN,shared_replay_failed,EXPORT-DOMAIN,export,3.231,1.095,1.5,2.0,1.512,5.0,1.557,False,map_unknown,54.378,,True,,5.0,CERTIFIED,0.02
S,pilot,cylinder,F3S-00120,UNKNOWN,shared_replay_failed,EXPORT-DOMAIN,export,3.229,1.092,1.5,5.0,1.512,1.791,5.0,False,map_unknown,65.698,,True,,5.0,CERTIFIED,0.01
S,pilot,cylinder,F3S-00123,UNKNOWN,shared_replay_failed,EXPORT-DOMAIN,export,3.143,1.085,1.5,2.0,1.512,5.0,5.0,False,map_unknown,49.613,,True,,5.0,CERTIFIED,0.1
S,pilot,cylinder,F3S-00125,UNKNOWN,goal_not_certified_free,EP-TOL,tolerance,3.091,1.086,1.5,20.0,1.512,5.0,1.512,,,,UNKNOWN:shared_replay_failed,True,,1.5,,0.03
S,pilot,cylinder,F3S-00128,UNKNOWN,goal_not_certified_free,EP-TOL,tolerance,3.219,1.08,1.5,10.0,1.512,3.017,1.512,,,,UNKNOWN:shared_replay_failed,True,,1.5,,0.02
S,pilot,cylinder,F3S-00130,UNKNOWN,start_not_certified_free,EP-TOL,tolerance,3.111,1.063,1.5,0.5,1.512,1.512,3.546,,,,UNKNOWN:shared_replay_failed,True,,1.5,,0.0
S,pilot,cylinder,F3S-00132,UNKNOWN,start_not_certified_free,EP-TOL,tolerance,3.049,1.07,1.0,1.0,1.512,1.182,5.0,,,,UNKNOWN:shared_replay_failed,True,,1.0,,0.0
S,pilot,cylinder,F3S-00134,UNKNOWN,shared_replay_failed,EXPORT-DOMAIN,export,3.096,1.088,1.5,1.5,1.512,5.0,1.512,False,map_unknown,33.846,,True,,5.0,CERTIFIED,0.04
S,pilot,cylinder,F3S-00137,UNKNOWN,shared_replay_failed,EXPORT-DOMAIN,export,3.109,1.075,1.5,10.0,1.512,3.791,5.0,False,map_unknown,19.195,,True,,5.0,CERTIFIED,0.01
S,pilot,cylinder,F3S-00138,UNKNOWN,shared_replay_failed,EXPORT-DOMAIN,export,3.452,1.07,1.5,1.5,1.512,5.0,5.0,False,map_unknown,22.767,,True,,5.0,CERTIFIED,0.01
S,pilot,cylinder,F3S-00140,UNKNOWN,shared_replay_failed,EXPORT-DOMAIN,export,3.455,1.088,1.5,0.5,1.512,5.0,5.0,False,map_unknown,6.323,,True,,5.0,CERTIFIED,0.05
S,pilot,cylinder,F3S-00142,UNKNOWN,shared_replay_failed,EXPORT-DOMAIN,export,3.398,1.097,1.5,5.0,1.512,5.0,5.0,False,map_unknown,46.724,,True,,5.0,CERTIFIED,0.02
S,pilot,cylinder,F3S-00144,UNKNOWN,shared_replay_failed,EXPORT-DOMAIN,export,3.369,1.076,1.5,2.0,1.512,5.0,5.0,False,map_unknown,48.454,,True,,5.0,CERTIFIED,0.02
S,pilot,cylinder,F3S-00147,UNKNOWN,goal_not_certified_free,EP-TOL,tolerance,3.137,1.078,1.5,2.0,1.512,4.591,1.512,,,,REACHABLE:graph_path_lifted_and_verified,True,,1.5,,0.0
S,pilot,cylinder,F3S-00148,UNKNOWN,shared_replay_failed,EXPORT-DOMAIN,export,3.287,1.075,1.5,1.0,1.512,5.0,5.0,False,map_unknown,3.192,,True,,5.0,CERTIFIED,0.03
S,pilot,cylinder,F3S-00149,UNKNOWN,shared_replay_failed,EXPORT-DOMAIN,export,3.053,1.075,1.5,1.5,1.512,5.0,1.512,False,map_unknown,32.618,,True,,5.0,CERTIFIED,0.04
S,pilot,cylinder,F3S-00150,UNKNOWN,shared_replay_failed,EXPORT-DOMAIN,export,3.013,1.075,1.5,0.0,1.512,5.0,5.0,False,map_unknown,24.972,,True,,5.0,CERTIFIED,0.03
S,pilot,cylinder,F3S-00151,UNKNOWN,goal_not_certified_free,EP-TOL,tolerance,3.009,1.072,1.5,20.0,1.512,5.0,1.512,,,,REACHABLE:graph_path_lifted_and_verified,True,,1.5,,0.0
S,pilot,cylinder,F3S-00152,UNKNOWN,start_not_certified_free,EP-TOL,tolerance,3.051,1.093,1.5,1.0,1.512,1.512,5.0,,,,UNKNOWN:shared_replay_failed,True,,1.5,,0.0
S,pilot,cylinder,F3S-00154,UNKNOWN,shared_replay_failed,EXPORT-DOMAIN,export,3.158,1.08,1.5,5.0,1.512,1.512,5.0,False,map_unknown,6.366,,True,,5.0,CERTIFIED,0.04
S,pilot,cylinder,F3S-00155,UNKNOWN,shared_replay_failed,EXPORT-DOMAIN,export,3.13,1.064,1.5,3.0,1.512,5.0,5.0,False,map_unknown,12.968,,True,,5.0,CERTIFIED,0.02
S,pilot,cylinder,F3S-00156,UNKNOWN,shared_replay_failed,EXPORT-DOMAIN,export,3.141,1.091,1.5,1.0,1.512,5.0,5.0,False,map_unknown,21.76,,True,,5.0,CERTIFIED,0.25
S,pilot,cylinder,F3S-00158,UNKNOWN,shared_replay_failed,EXPORT-DOMAIN,export,3.011,1.081,1.5,1.5,1.512,5.0,1.512,False,map_unknown,52.292,,True,,3.0,CERTIFIED,0.04
S,pilot,cylinder,F3S-00161,UNKNOWN,shared_replay_failed,EXPORT-DOMAIN,export,3.28,1.086,1.5,20.0,1.512,5.0,1.512,False,map_unknown,27.065,,True,,5.0,CERTIFIED,0.02
S,pilot,cylinder,F3S-00163,UNKNOWN,goal_not_certified_free,EP-TOL,tolerance,3.187,1.088,1.5,1.0,1.512,5.0,1.512,,,,UNKNOWN:shared_replay_failed,True,,1.5,,0.0
S,pilot,cylinder,F3S-00164,UNKNOWN,shared_replay_failed,EXPORT-DOMAIN,export,3.159,1.077,1.5,0.0,1.512,5.0,5.0,False,map_unknown,8.034,,True,,5.0,CERTIFIED,0.04
S,pilot,cylinder,F3S-00165,UNKNOWN,shared_replay_failed,EXPORT-DOMAIN,export,3.284,1.095,1.5,10.0,1.512,5.0,5.0,False,map_unknown,55.947,,True,,5.0,CERTIFIED,0.01
S,pilot,cylinder,F3S-00167,UNKNOWN,shared_replay_failed,EXPORT-DOMAIN,export,3.033,1.077,1.5,0.0,1.512,5.0,5.0,False,map_unknown,29.736,,True,,5.0,CERTIFIED,0.01
S,pilot,cylinder,F3S-00169,UNKNOWN,shared_replay_failed,EXPORT-DOMAIN,export,3.262,1.079,1.5,20.0,1.512,5.0,5.0,False,map_unknown,11.06,,True,,5.0,CERTIFIED,0.02
S,pilot,cylinder,F3S-00170,UNKNOWN,shared_replay_failed,EXPORT-DOMAIN,export,3.177,1.071,1.5,0.0,1.512,5.0,5.0,False,map_unknown,25.672,,True,,5.0,CERTIFIED,0.03
S,pilot,cylinder,F3S-00171,UNKNOWN,goal_not_certified_free,EP-TOL,tolerance,3.104,1.082,1.5,20.0,1.512,5.0,1.512,,,,REACHABLE:graph_path_lifted_and_verified,True,,1.5,,0.0
S,pilot,cylinder,F3S-00172,UNKNOWN,shared_replay_failed,EXPORT-DOMAIN,export,3.134,1.069,1.5,0.5,1.512,5.0,1.512,False,map_unknown,26.176,,True,,5.0,CERTIFIED,0.03
S,pilot,cylinder,F3S-00174,UNKNOWN,shared_replay_failed,EXPORT-DOMAIN,export,3.149,1.077,1.5,5.0,1.512,5.0,3.076,False,map_unknown,17.598,,True,,5.0,CERTIFIED,0.08
S,pilot,cylinder,F3S-00176,UNKNOWN,shared_replay_failed,EXPORT-DOMAIN,export,3.072,1.063,1.5,2.0,1.512,5.0,1.512,False,map_unknown,17.667,,True,,5.0,CERTIFIED,0.02
S,pilot,cylinder,F3S-00177,UNKNOWN,shared_replay_failed,EXPORT-DOMAIN,export,3.039,1.088,1.5,2.0,1.512,5.0,5.0,False,map_unknown,9.844,,True,,5.0,CERTIFIED,0.03
S,pilot,cylinder,F3S-00179,UNKNOWN,shared_replay_failed,EXPORT-DOMAIN,export,3.114,1.077,1.5,20.0,1.512,1.557,5.0,False,map_unknown,1.454,,True,,5.0,CERTIFIED,0.01
S,pilot,cylinder,F3S-00180,UNKNOWN,start_not_certified_free,EP-TOL,tolerance,3.161,1.092,1.5,1.0,1.512,1.512,5.0,,,,UNKNOWN:shared_replay_failed,True,,1.5,,0.0
S,pilot,cylinder,F3S-00181,UNKNOWN,shared_replay_failed,EXPORT-DOMAIN,export,3.247,1.076,1.5,0.5,1.512,5.0,5.0,False,map_unknown,11.741,,True,,5.0,CERTIFIED,0.03
S,pilot,cylinder,F3S-00183,UNKNOWN,shared_replay_failed,EXPORT-DOMAIN,export,3.199,1.079,1.5,2.0,1.512,1.557,5.0,False,map_unknown,39.64,,True,,5.0,CERTIFIED,0.01
S,pilot,cylinder,F3S-00184,UNKNOWN,shared_replay_failed,EXPORT-DOMAIN,export,3.348,1.09,1.5,0.0,1.512,1.512,5.0,False,map_unknown,47.938,,True,,5.0,CERTIFIED,0.05
S,pilot,cylinder,F3S-00185,UNKNOWN,shared_replay_failed,EXPORT-DOMAIN,export,3.36,1.08,1.5,1.5,1.512,1.557,5.0,False,map_unknown,41.644,,True,,5.0,CERTIFIED,0.01
S,pilot,cylinder,F3S-00186,UNKNOWN,shared_replay_failed,EXPORT-DOMAIN,export,3.051,1.087,1.5,20.0,1.512,5.0,1.512,False,map_unknown,29.918,,True,,5.0,CERTIFIED,0.02
S,pilot,cylinder,F3S-00187,UNKNOWN,start_not_certified_free,EP-TOL,tolerance,3.109,1.067,1.5,3.0,1.512,1.512,5.0,,,,REACHABLE:graph_path_lifted_and_verified,True,,1.5,,0.0
S,pilot,cylinder,F3S-00188,UNKNOWN,shared_replay_failed,EXPORT-DOMAIN,export,3.273,1.089,1.5,20.0,1.512,5.0,1.512,False,map_unknown,35.226,,True,,5.0,CERTIFIED,0.01
S,pilot,cylinder,F3S-00190,UNKNOWN,shared_replay_failed,EXPORT-DOMAIN,export,3.072,1.081,1.5,0.5,1.512,1.845,4.925,False,map_unknown,9.46,,True,,5.0,CERTIFIED,0.01
S,pilot,cylinder,F3S-00191,UNKNOWN,shared_replay_failed,EXPORT-DOMAIN,export,3.013,1.111,1.5,2.0,1.512,1.512,5.0,False,map_unknown,62.158,,True,,5.0,CERTIFIED,0.02
S,pilot,cylinder,F3S-00193,UNKNOWN,shared_replay_failed,EXPORT-DOMAIN,export,3.162,1.094,1.5,2.0,1.512,1.512,5.0,False,map_unknown,26.734,,True,,5.0,CERTIFIED,0.12
S,pilot,cylinder,F3S-00194,UNKNOWN,shared_replay_failed,EXPORT-DOMAIN,export,3.362,1.079,1.5,5.0,1.512,5.0,1.557,False,map_unknown,46.362,,True,,5.0,CERTIFIED,0.03
S,pilot,sweeper,F3S-00004,UNKNOWN,goal_not_certified_free,EP-TOL,tolerance,3.005,1.078,1.5,10.0,1.512,2.015,1.512,,,,REACHABLE:graph_path_lifted_and_verified,True,,1.5,,0.0
S,pilot,sweeper,F3S-00007,UNKNOWN,start_not_certified_free,EP-TOL,tolerance,3.006,1.069,1.5,1.5,1.512,1.512,5.0,,,,REACHABLE:graph_path_lifted_and_verified,True,,1.5,,0.0
S,pilot,sweeper,F3S-00010,UNKNOWN,start_not_certified_free,EP-TOL,tolerance,3.024,1.081,1.5,10.0,1.512,1.512,3.638,,,,REACHABLE:graph_path_lifted_and_verified,True,,1.5,,0.0
S,pilot,sweeper,F3S-00037,UNKNOWN,goal_not_certified_free,EP-TOL,tolerance,3.028,1.079,1.5,50.0,1.512,5.0,1.512,,,,REACHABLE:graph_path_lifted_and_verified,True,,1.5,,0.01
S,pilot,sweeper,F3S-00111,UNKNOWN,goal_not_certified_free,EP-TOL,tolerance,3.005,1.093,1.5,10.0,1.512,5.0,1.512,,,,REACHABLE:graph_path_lifted_and_verified,True,,1.5,,0.0
S,pilot,sweeper,F3S-00125,UNKNOWN,goal_not_certified_free,EP-TOL,tolerance,3.091,1.086,1.5,20.0,1.512,5.0,1.512,,,,REACHABLE:graph_path_lifted_and_verified,True,,1.5,,0.0
S,pilot,sweeper,F3S-00151,UNKNOWN,goal_not_certified_free,EP-TOL,tolerance,3.009,1.072,1.5,20.0,1.512,5.0,1.512,,,,REACHABLE:graph_path_lifted_and_verified,True,,1.5,,0.0
